ds/type;algorithm;1NN-DTW_RMSE;1NN-ED_RMSE;5NN-DTW_RMSE;5NN-ED_RMSE;CNN_RMSE;DrCIF_RMSE;FCN_RMSE;FPCR-Bs_RMSE;FPCR_RMSE;FreshPRINCE_RMSE;Grid-SVR_RMSE;InceptionT_RMSE;MultiROCKET_RMSE;RDST_RMSE;RIST_RMSE;ROCKET_RMSE;RandF_RMSE;ResNet_RMSE;Ridge_RMSE;RotF_RMSE;SingleInception_RMSE;TSF_RMSE;XGBoost_RMSE;Industrial_baseline_model;Industrial_baseline features;Industrial_advanced features;Ind_baseline_place;Ind_bf_place;Ind_af_place;;
AppliancesEnergy;min;4,628632422;4,550780153;3,118183278;2,919346339;3,243411064;1,642509174;3,011920273;3,213945825;3,366786462;1,664791755;3,212118431;3,011736048;2,26054313;3,191349302;1,953068194;2,252244574;2,948081235;2,43901657;4,060668142;1,979057968;3,232153884;2,92640583;3,41886906;2,091;1,995;;5;5;;0;0
AppliancesEnergy;max;7,119829619;7,184830912;5,56249877;5,675930299;5,271190891;3,223564829;9,318514083;5,055378548;5,728589074;2,63110991;5,181143432;5,070202313;3,70388309;4,428047029;2,478627059;3,254347636;5,074369136;5,555762905;5,785594383;3,175386201;5,364594165;4,747721348;4,884611855;2,091;1,995;;1;1;;1;1
AppliancesEnergy;average;5,739470041;5,768104446;4,504957568;4,470333848;4,097873871;2,404670056;4,452677345;4,500812926;4,419098604;2,05397635;4,091234714;4,233830274;2,903262103;3,635581782;2,210225981;2,768554798;3,986324286;3,957921342;4,695629361;2,557591364;4,399412673;3,75286625;4,045984681;2,091;1,995;;2;1;;0;1
AustraliaRainfall;min;8,352947496;9,884524258;7,880669753;7,738645814;;;6,940733159;6,904406712;6,902010906;;6,492931798;;;;;11,88271121;7,100755607;7,747262923;;;6,538906648;;8,866724217;8,663;8,663;;11;11;;0;0
AustraliaRainfall;max;31,20721558;31,48283201;30,74701345;30,81853438;;;30,75191722;30,77393534;30,77402309;;30,66871285;;;;;30,86298769;30,65653575;43,08073564;;;30,64864797;;30,68162078;8,663;8,663;;1;1;;1;1
AustraliaRainfall;average;17,08438971;17,47766346;16,12019453;15,41926235;;;14,82055317;14,82239032;14,82199857;;15,33879225;;;;;17,87890507;15,19109298;19,03223058;;;15,29918905;;16,28284426;8,663;8,663;;1;1;;1;1
BeijingPM10Quality-no-missing;min;112,0582118;113,1329167;92,47053321;92,54829588;120,9264537;66,07380024;66,89236998;88,38769934;88,63802333;62,61076195;125,9787786;60,04535833;80,83864767;80,78331185;65,70819883;91,19583823;67,85971863;64,49779821;88,17943347;62,46166036;63,6168513;79,573541;61,9060743;96,95;96,752;;20;20;;0;0
BeijingPM10Quality-no-missing;max;143,1414649;139,3108993;115,1111266;115,5291727;136,5687162;96,49310816;93,40009459;99,10057861;99,67101201;93,05391045;135,1807803;93,28818864;106,6175455;106,281565;95,88202457;125,3173841;94,16614542;93,40117003;98,70670081;69,02855827;94,4077674;117,3597295;92,18584236;96,95;96,752;;11;11;;0;0
BeijingPM10Quality-no-missing;average;118,2305708;119,2461095;95,31878536;97,1306446;127,5989745;70,57271346;70,59648282;92,62838122;93,04778057;66,50944565;129,9179654;63,84826494;89,98578497;87,28203702;73,85057594;94,55786311;71,71257122;68,41803993;92,35020719;66,31562754;66,51928845;84,65717436;66,47481752;96,95;96,752;;19;19;;0;0
BeijingPM25Quality-no-missing;min;66,16505022;69,60311766;56,82173493;58,41585812;67,2815175;44,07960044;42,51542176;59,31118012;59,76666568;39,95115191;104,3862506;36,47593333;50,39547586;52,07322214;43,8586369;63,87028218;43,25054023;41,09558045;58,83239478;39,68027195;38,13894881;57,57775811;38,65985045;65,94;60,75;;20;19;;0;0
BeijingPM25Quality-no-missing;max;88,66020605;88,70206053;72,13706946;73,77092547;112,9301181;64,0109983;60,82282053;68,99144494;69,21162051;60,44056781;112,8532557;60,54841282;75,28011118;68,25283224;62,20277136;91,06752395;63,15314234;63,84938706;68,80378692;45,17405839;61,66761116;89,10504213;58,69353706;65,94;60,75;;11;5;;0;0
BeijingPM25Quality-no-missing;average;71,06672594;73,24569876;59,503839;60,8729557;99,88757311;47,12754736;45,52348061;61,33602324;62,02824843;43,4187288;108,0123241;40,36065177;57,01057898;56,48930797;48,52586137;67,00521068;46,71194667;44,16648348;60,91478545;42,83921441;42,00817698;61,67426186;42,14722797;65,94;60,75;;19;14;;0;0
BenzeneConcentration-no-missing;min;4,234672738;4,544677126;4,900613311;4,061062772;7,385906861;3,453634452;0,073886824;4,737356664;4,863736397;1,912742476;7,379477198;0,085077401;0,67122781;2,734800908;2,768715062;1,802408242;0,121366808;0,169621263;1,078966107;0,49896013;0,087072059;3,972661807;0,066241306;6,798;3,82;;22;15;;0;0
BenzeneConcentration-no-missing;max;5,334009449;6,535685382;5,250555214;5,844979747;8,029996697;5,627812785;11,68979138;6,355957762;10,38325782;3,570689566;8,015076233;2,167940531;6,588390254;10,55935696;4,605481091;10,51781235;0,857502714;1,49948619;1,529902873;0,943034864;2,912341044;6,875943547;0,623532365;6,798;3,82;;17;9;;0;0
BenzeneConcentration-no-missing;average;4,402314723;4,858189419;5,053820398;4,240799254;7,543092836;3,666043086;0,596533408;4,884305867;5,241220227;2,132254055;7,509809904;0,22916049;1,349133527;4,335212407;3,221899252;2,217475956;0,283166141;0,302587025;1,132592088;0,72873755;0,276406289;4,189509525;0,218805545;6,798;3,82;;22;14;;0;0
BIDMC32HR;min;1,120252041;5,60070479;1,17426586;6,181939605;3,837268246;0,858207905;0,63877457;12,52622502;12,55001763;0,582552066;8,66704654;0,316010941;0,414398776;;;0,415787606;5,296465617;0,340032901;13,23086597;4,472240729;0,332429019;3,194764669;4,36523579;10,83;11,118;;19;19;;0;0
BIDMC32HR;max;16,7994041;14,83650604;16,78962047;14,75608772;16,05718269;8,006971789;10,59610811;13,98361411;13,98064105;10,61663074;13,39297015;7,222707774;8,557951968;;;6,813960836;14,99633796;12,16839254;14,86820645;5,243402498;11,9578343;16,05430827;13,8648431;10,83;11,118;;8;8;;0;0
BIDMC32HR;average;1,944836513;6,544297196;1,904489398;6,990049799;5,229132889;1,270281322;1,120175669;13,04355662;13,03299054;1,039876124;9,212403597;0,578394276;0,728346434;;;0,656318391;5,900761199;0,768738051;13,75566616;4,884870332;0,76554666;3,986726974;4,975368586;10,83;11,118;;19;19;;0;0
BIDMC32RR;min;1,053397929;1,983170974;1,065817375;1,832912811;2,687658776;0,712188722;0,543116794;2,84929928;2,841467643;0,528453856;1,910162313;0,275452994;0,35032747;;;0,372628436;1,764261802;0,251892604;2,917212676;1,631286075;0,293845783;1,260361967;1,639867364;3,517;4,711;;22;22;;0;0
BIDMC32RR;max;3,342183709;4,387345004;3,342732527;4,134685387;9,002681021;4,301644952;4,318072689;3,364045517;3,364734574;4,039938477;3,173660235;3,221974924;3,697382789;;;4,100523602;4,345821263;3,028785426;3,340823797;1,796528707;3,817812389;4,132521316;4,314305531;3,517;4,711;;10;21;;0;0
BIDMC32RR;average;1,233577317;2,136593116;1,229752235;1,986163189;3,536864964;0,915401556;0,771525724;2,952190105;2,952410521;0,68827465;2,064389723;0,499449388;0,491408044;;;0,526479263;1,943141729;0,481028326;3,017641673;1,711274868;0,550188333;1,417203307;1,81200164;3,517;4,711;;21;22;;0;0
BIDMC32SpO2;min;0,351156414;2,281370717;0,361527284;2,328975514;1,12824651;0,247741384;0,214026929;3,124441668;3,129383157;0,158983922;1,986700529;0,089198563;0,148081119;;;0,136188196;1,693321616;0,089708896;3,227142673;1,568898311;0,101722724;1,109030719;1,539703027;4,802;4,79;;22;22;;0;0
BIDMC32SpO2;max;4,914053679;5,530202074;4,900101801;5,407875125;5,638264405;4,855296383;6,610424656;4,953528646;4,953526005;5,102723508;4,796854558;5,784347536;5,363806317;;;4,652436272;4,549775332;5,40120217;4,963935443;1,727450399;5,927502315;4,599903876;4,436033163;4,802;4,79;;7;6;;0;0
BIDMC32SpO2;average;0,525749639;2,508360212;0,53198663;2,493010492;1,717190177;0,419849611;0,482227459;3,252908986;3,273603213;0,34076574;2,221485566;0,286872959;0,337278622;;;0,300322466;1,851714001;0,277936368;3,357585575;1,644120128;0,314608667;1,275249457;1,674733578;4,802;4,79;;22;22;;0;0
Covid3Month;min;0,039840644;0,042464827;0,035103686;0,034257953;0,053216178;0,032437818;0,042724107;0,035868536;0,032868467;0,032971049;0,062966213;0,034178698;0,034073546;0,036548646;0,033898799;0,032214736;0,033776926;0,041791222;0,060028278;0,033730322;0,035959022;0,032068206;0,038437851;14,138;17,843;;24;24;;0;0
Covid3Month;max;0,069299019;0,063164493;0,047024738;0,048592801;0,090045052;0,04793381;0,151145561;5959,169327;0,127972852;0,046804133;0,069869233;0,108147591;1,578109248;1,3533E+12;0,044069033;0,069746384;0,048025775;0,275804466;1,349166363;0,052198341;0,19998137;0,046326666;0,055325672;14,138;17,843;;22;22;;0;0
Covid3Month;average;0,05455252;0,053301533;0,041269821;0,040782524;0,067597662;0,039773028;0,06789909;199,9204857;0,048775303;0,038299173;0,066855004;0,054720961;0,187979421;2,7066E+11;0,039362733;0,042819044;0,040183092;0,124415677;0,464643465;0,041697593;0,074202343;0,03895102;0,0449341;14,138;17,843;;22;22;;0;0
FloodModeling1;min;0,010781815;0,013139955;0,009152233;0,012859607;0,009025371;0,005006783;0,005424431;0,016059632;0,01671501;0,004407852;0,033190718;0,004212094;0,003667618;0,0125789;0,004183159;0,012810738;0,012733556;0,005488368;0,015606223;0,011598696;0,006085317;0,007607419;0,013252416;0,01886;0,0083;;23;10;;0;0
FloodModeling1;max;0,01948419;0,02346569;0,018152244;0,024428704;0,076866997;0,01537542;0,03957993;0,026643511;0,026346387;0,015230487;0,048254609;0,009792928;0,031399672;0,019467105;0,014593368;0,022693576;0,024844029;0,01978681;0,026492786;0,024025167;0,021987069;0,015086526;0,024907404;0,01886;0,0083;;7;1;;0;1
FloodModeling1;average;0,013816743;0,01851083;0,01312439;0,019008778;0,017235534;0,009462636;0,009509602;0,020826831;0,021318964;0,008750739;0,038323447;0,006429461;0,011617331;0,015422174;0,008545169;0,017303939;0,018996765;0,009045738;0,020950603;0,017987865;0,01000398;0,011029169;0,019334009;0,01886;0,00612;;17;1;;0;1
FloodModeling2;min;0,003804292;0,004236186;0,003946205;0,004685279;0,004641469;0,001604697;0,000745207;0,005933337;0,005563297;0,00161739;0,067188937;0,002333074;0,001584147;0,007332106;0,001789714;0,005119547;0,003778111;0,003226719;0,006845791;0,00385605;0,004386643;0,00239468;0,004760321;0,0185;0,0096;;23;23;;0;0
FloodModeling2;max;0,019411491;0,019971123;0,019172337;0,020152222;0,041099676;0,008134592;0,010151141;0,020936317;0,020450926;0,008302488;0,088272362;0,010043992;0,010123344;0,009980527;0,010154425;0,013686834;0,017000014;0,01457665;0,025469245;0,017030416;0,019906964;0,009330164;0,020321417;0,0185;0,0096;;13;4;;0;0
FloodModeling2;average;0,011092286;0,012948857;0,01206405;0,01329876;0,01852107;0,0051801;0,004745153;0,014590625;0,013852902;0,005027746;0,083827629;0,005477025;0,004049499;0,008608522;0,005521557;0,009273728;0,009483374;0,007550275;0,014161842;0,007900159;0,007653353;0,005379332;0,012971323;0,0185;0,0096;;22;14;;0;0
FloodModeling3;min;0,011416045;0,013331272;0,008378855;0,014623039;0,007914905;0,005204729;0,005246387;0,015833539;0,016029448;0,003897858;0,031851387;0,004820122;0,003880072;0,011621186;0,005703383;0,015491755;0,013271385;0,005271381;0,016414583;0,012560385;0,00630793;0,007026742;0,013809994;0,0223;0,0142;;23;18;;0;0
FloodModeling3;max;0,01462428;0,020300193;0,014040833;0,020764738;0,019080217;0,008341517;0,021424569;0,021532033;0,022498287;0,007745631;0,042082347;0,008497011;0,008388859;0,015187084;0,007927968;0,019791245;0,020323965;0,012187272;0,02206406;0,019232631;0,021734687;0,011537277;0,020422413;0,0223;0,0142;;22;9;;0;0
FloodModeling3;average;0,01307393;0,017027799;0,011561553;0,017738431;0,010963827;0,006438931;0,009331137;0,018775827;0,019447957;0,005582533;0,036389766;0,006361273;0,005134389;0,013878838;0,006666207;0,017290912;0,016680076;0,007282043;0,019031501;0,015684193;0,010451274;0,008546052;0,017007199;0,0223;0,0142;;23;14;;0;0
HouseholdPowerConsumption1-no-missing;min;363,9567864;434,9361744;289,7774483;413,8945274;517,3585365;143,8306323;100,9280337;72,75954995;65,95114218;44,8638814;519,4701282;42,89812993;128,1809376;128,4262623;76,70108643;188,9437221;208,9820911;40,65283667;155,3318309;164,458586;57,11334171;219,4673882;197,6255749;15,63;22,82;;1;1;;1;1
HouseholdPowerConsumption1-no-missing;max;452,2232669;572,3519148;403,3947489;536,5282714;643,0755956;195,2120136;981,6600912;150,2660031;147,56645;160,0344309;640,2735357;164,9139546;193,290466;162,2424203;159,1775424;254,2561988;268,9498175;162,4866091;257,7760806;234,8762039;212,4406622;308,5429443;252,2028165;15,63;22,82;;1;1;;1;1
HouseholdPowerConsumption1-no-missing;average;417,520861;534,2666775;363,1066007;507,7968263;604,5496587;165,7666768;353,2113422;110,6062698;107,0618279;104,0404222;604,3001556;104,4057824;148,008999;144,7022543;135,8923133;214,8128144;239,4926209;108,8288811;203,5437013;199,2345986;116,2022507;276,1882945;227,5073239;15,63;22,82;;1;1;;1;1
HouseholdPowerConsumption2-no-missing;min;50,5268783;61,82861071;41,36393085;49,29352576;48,93471419;28,3246647;37,46619317;38,04381804;38,70402155;27,43873208;48,47806721;27,87670312;26,24525829;28,40034819;29,80966586;28,88034213;37,05174128;29,46128577;51,66662393;35,68627275;28,99099865;34,06284572;36,41105316;36,336;34,37;;12;11;;0;0
HouseholdPowerConsumption2-no-missing;max;56,48073884;85,32522759;50,33917184;64,58088443;64,48094874;35,99641615;860,2984456;45,7903825;46,92860933;35,60668637;55,9808305;38,8357989;31,54879596;34,00959964;35,16888405;35,22089444;46,75190727;41,99631527;63,97701219;41,69279653;48,02276731;42,53956121;45,69880655;36,336;34,37;;7;3;;0;0
HouseholdPowerConsumption2-no-missing;average;53,42955886;76,02411551;43,2875497;57,68592801;51,52937856;30,63532745;172,6010532;41,34481418;40,8290722;29,39287418;50,22785826;30,61303779;28,23567983;30,20154761;31,57217088;30,67548488;39,07169843;33,30492126;57,71092433;37,59093587;34,58589413;36,01573067;38,95568275;36,336;34,37;;11;9;;0;0
IEEEPPG;min;22,51115157;26,66675682;19,1228373;22,43816583;20,02338081;11,20190528;4,934538106;25,32721964;25,53011944;8,489912387;28,61544769;2,326973291;7,536678362;8,051669301;6,967740002;6,016980787;20,50207252;3,517165964;42,9026869;19,28438229;2,862294246;19,42565913;19,78682052;57,61;37,44;;24;23;;0;0
IEEEPPG;max;34,49671691;33,20886163;30,82913425;27,11121295;34,64329345;34,91694901;36,77247649;33,75695752;31,37898531;33,68907858;37,25414586;23,1440611;29,90053302;25,70041413;27,27759029;27,58349485;31,88858499;33,0386466;68,12902013;20,82460773;24,22691738;35,84270596;31,4572204;57,61;37,44;;23;23;;0;0
IEEEPPG;average;23,98724013;27,76971481;20,4528842;23,65500738;22,42688504;12,4745849;7,190419026;26,3983723;26,39551417;10,11590735;29,61579834;3,69817636;8,771683601;11,62638852;11,47787614;7,159720614;21,65583967;5,051278691;47,50275068;20,21281242;4,119866128;20,47200316;21,03369834;57,61;37,44;;24;23;;0;0
LiveFuelMoistureContent;min;54,41568809;54,13964387;42,27855384;42,41263191;39,3960421;38,58276583;44,98765682;39,45237802;39,537434;39,18148742;39,40967133;42,75691411;46,11071121;41,67247851;40,06448379;42,81698396;38,96161581;45,29462647;631,7872338;39,50238378;44,23982102;38,87703781;40,29167075;43;44,66;;17;18;;0;0
LiveFuelMoistureContent;max;58,25786373;58,76893472;47,30795044;46,56918461;42,98554461;43,75428072;53,73497948;44,17508587;44,27683365;44,26688438;42,99118261;48,2154916;50,83866187;45,8933226;43,95781169;47,75312177;44,53539504;50,31533666;960,5277527;43,10504525;50,6270002;43,56649847;46,06512145;43;44,66;;3;11;;0;0
LiveFuelMoistureContent;average;56,14557559;56,6854149;44,22016884;44,67859724;41,47724908;40,61007326;47,76391132;41,46724463;41,44837158;41,17282831;41,22726646;44,80283901;47,89357232;43,33586248;41,56121621;44,50948404;41,09402637;47,34793833;835,0271813;41,33734065;47,02244411;40,74238233;42,55357954;43;44,66;;12;15;;0;0
NewsHeadlineSentiment;min;0,190682379;0,195761637;0,153520391;0,153636645;0,142567594;0,144666086;0,141497242;0,140693905;0,140605177;0,144721743;0,141132828;0,141978485;0,151453257;;;0,145793408;0,145429791;0,141467936;0,1419209;0,148480624;0,143830325;0,141352599;0,141794935;0,142;10000000000;;10;22;;0;0
NewsHeadlineSentiment;max;0,205384251;0,203443534;0,156444894;0,15644162;39,20939301;0,14712272;10,03378197;0,142774503;0,142710881;0,147093264;0,143320356;0,145390987;0,164406558;;;0,148214516;0,14768558;0,187347205;0,147053809;0,151269857;0,163131254;0,143473284;0,143867256;0,142;10000000000;;1;22;;1;0
NewsHeadlineSentiment;average;0,197915863;0,199314703;0,154957971;0,154884178;11,96765922;0,145591188;1,206851987;0,141582563;0,141565278;0,145612012;0,142038598;0,143465532;0,156499297;;;0,146837662;0,146198579;0,147672897;0,143579462;0,149460602;0,148587163;0,142229707;0,142739603;0,142;10000000000;;3;22;;0;0
NewsTitleSentiment;min;0,187143897;0,189160167;0,147769817;0,147406457;0,13826224;0,138498285;0,138592412;0,134764691;0,134683049;0,138469153;0,13526025;0,136254597;0,14605759;;;0,139948125;0,139354067;0,137359336;0,136719604;0,142677861;0,138254564;0,135191069;0,135936293;0,138;10000000000;;9;22;;0;0
NewsTitleSentiment;max;0,20569535;0,197790152;0,152564907;0,151553069;170,3272787;0,142239377;6,228025163;0,138155425;0,138123064;0,142207807;0,138615945;0,14146774;0,160622827;;;0,143013447;0,142699615;0,179224455;0,14251883;0,145366776;0,147095381;0,138723988;0,139338399;0,138;10000000000;;1;22;;1;0
NewsTitleSentiment;average;0,192522929;0,192805274;0,14981775;0,149231378;23,08311189;0,140534818;1,007101887;0,136683939;0,136614088;0,140614827;0,137199578;0,138467494;0,149863379;;;0,141759292;0,141116468;0,141527578;0,138892089;0,144163571;0,142813666;0,137125108;0,137669722;0,138;10000000000;;6;22;;0;0
PPGDalia-equal-length;min;21,72353901;21,34972597;17,47972402;17,31655533;14,22652517;11,40349237;8,61606699;20,67220747;20,67520869;10,30574983;22,39283964;6,339447936;11,30575007;;;12,03786021;14,66231161;7,144813779;20,75454863;14,48305397;6,939344663;15,160662;13,0824876;10000000000;10000000000;;22;22;;0;0
PPGDalia-equal-length;max;24,19703053;22,53578839;19,01934141;19,58742489;23,53229779;15,08578137;13,96320994;21,63709268;21,63844922;15,24187195;23,03043644;11,07506016;15,17123432;;;14,09662133;17,43402792;12,00104099;21,74984453;14,96736837;11,5050811;16,22511332;15,32199811;10000000000;10000000000;;22;22;;0;0
PPGDalia-equal-length;average;22,08924409;22,18645756;17,7229862;19,17341976;21,54587346;11,66921973;9,353736196;21,33273618;21,33166998;10,62000202;22,74367741;6,680548131;11,7905624;;;12,23981586;14,94945228;7,507108247;21,4265076;14,68058168;7,328080185;15,38269549;13,33529519;10000000000;10000000000;;22;22;;0;0
Covid19Andalusia;min;0,011169892;0,012800915;0,010286739;0,010269981;0,011590967;0,007961991;0,016597703;0,023507682;0,023968693;0,008434634;0,059185133;0,013506979;0,008489889;0,009503886;0,011314055;0,009442889;0,009351592;0,018169301;0,035719852;0,007762045;0,01818319;0,007758776;0,009471022;0,03;0,014;;22;17;;0;0
Covid19Andalusia;max;0,023844081;0,027076348;0,021732529;0,02272785;0,023287758;0,015745001;0,060526993;0,038639148;0,037045225;0,017865825;0,07287967;0,026826783;0,022011566;0,014279074;0,012571636;0,018188905;0,018091202;0,081310497;0,076082042;0,017544071;0,061813424;0,015528604;0,018479328;0,03;0,014;;17;2;;0;0
Covid19Andalusia;average;0,015411957;0,017819044;0,015329637;0,015442732;0,016963659;0,012818764;0,029880677;0,029806544;0,029812164;0,012610278;0,068612314;0,017454567;0,013022529;0,01199328;0,012130119;0,014202468;0,013820736;0,031720646;0,052312584;0,013260111;0,027464419;0,01264386;0,013905774;0,03;0,0137;;21;8;;0;0
BeijingIntAirportPM25Quality;min;69,98009379;71,4012445;56,90893757;57,75591045;70,72125233;48,58779569;50,58614898;54,14805159;54,06051113;45,43281797;56,12863707;45,99077186;51,69135697;48,45781892;47,90489529;55,84958571;48,79832134;50,52364802;53,93745897;47,01278937;49,98823159;60,02360442;49,84831936;56,065;50,143;;17;10;;0;0
BeijingIntAirportPM25Quality;max;84,83602196;87,24502628;65,9333926;68,82870978;82,21454713;57,35855502;95,66795855;74,15930413;72,57779667;54,39389335;65,58888143;55,52853327;60,67839514;55,62117318;54,37520376;65,84367636;58,70941892;57,90514366;65,31411805;53,85403031;57,54322098;71,24610444;58,04346864;56,065;50,143;;6;1;;0;1
BeijingIntAirportPM25Quality;average;77,3589695;79,32261538;60,44781766;61,6285391;76,53267538;52,9617686;64,92161886;61,9685727;60,74727977;50,37171553;60,39198862;50,83428843;56,58781077;52,93215428;50,96650303;60,84681768;54,17358411;53,89123911;59,67590393;50,26983514;53,46746147;66,01408476;53,79926269;56,065;50,143;;11;1;;0;1
ParkingBirmingham-equal-length;min;0,132781575;0,130317867;0,114240782;0,110888184;0,209822181;0,107681259;0,147843592;0,206197783;0,207320583;0,103519147;0,181144961;0,121985494;0,135184248;0,141400649;0,114204112;0,162635388;0,111868385;0,146979724;0,206541227;0,103951049;0,119585844;0,112243059;0,112963102;10000000000;10000000000;;24;24;;0;0
ParkingBirmingham-equal-length;max;0,15502376;0,154816741;0,131710071;0,129263095;4,962063295;0,126739606;0,165838227;0,219787138;0,22051729;0,126010916;0,193553178;0,136543193;0,148313193;0,147832894;0,126158272;0,190654973;0,128106518;0,164974778;0,219829821;0,120630101;0,144781534;0,129767699;0,130111431;10000000000;10000000000;;24;24;;0;0
ParkingBirmingham-equal-length;average;0,14365164;0,142966031;0,122794231;0,121119549;0,390058905;0,116974474;0,153491849;0,21141965;0,212090528;0,114591122;0,186452249;0,12991652;0,141268137;0,144915129;0,121558827;0,17568851;0,119868572;0,155953737;0,211526321;0,111371338;0,133632342;0,120555657;0,122525662;10000000000;10000000000;;24;24;;0;0
TetuanEnergyConsumption;min;1796,757144;1882,187026;1333,657685;1377,958833;1930,233669;1062,469091;1279,943105;1326,024499;1333,199172;1160,672744;1985,798101;9638,850176;1202,130045;1406,149105;1139,318763;1511,849515;1124,807244;1344,268397;2438,025404;1101,082209;9148,212715;1149,677818;1126,612137;1532,825;1161,357;;17;8;;0;0
TetuanEnergyConsumption;max;2409,097484;2819,022331;1906,022533;1995,632303;3346,620779;1367,058427;1961,076919;2029,588639;1862,518186;1446,686001;2602,655492;10543,39048;3682,25186;1691,523559;1359,620128;2016,9323;1432,817149;1668,583505;3639,994516;1380,270002;11378,59817;1574,792026;1498,173328;1532,825;1161,357;;7;1;;0;1
TetuanEnergyConsumption;average;2101,901139;2353,574744;1732,491374;1740,205111;2344,725508;1221,921071;1529,458527;1620,568764;1605,019613;1283,482888;2229,14005;10216,80208;1529,326718;1522,158719;1206,291947;1790,319983;1268,941781;1494,870608;2844,265695;1231,752192;10207,69584;1402,286487;1318,08487;1532,825;1161,357;;12;1;;0;1
BarCrawl6min;min;0,049445354;0,053419716;0,040761222;0,047134724;0,073371178;0,035877794;0,052023296;0,673142719;0,182423678;0,032731211;0,053364792;0,054170318;0,037825129;0,042000091;0,042507565;0,042488969;0,03708192;0,057028019;1,195600797;0,035438619;0,055361423;0,037276624;0,035928583;0,055;0,0408;;18;9;;0;0
BarCrawl6min;max;0,081734542;0,086847689;0,069686069;0,080584853;0,174592049;0,054412225;0,112600864;9543389,78;11820342,6;0,058134714;0,069906678;0,137097397;33480,82473;0,044905707;0,046073362;0,063225015;0,058348891;0,369297449;3239925,998;0,060318784;0,214735162;0,055251306;0,062013756;0,055;0,0408;;4;1;;0;1
BarCrawl6min;average;0,062662959;0,066425709;0,053362557;0,062069352;0,103747471;0,044797197;0,076753412;3817490,283;3518353,055;0,045652221;0,064097523;0,067864228;3987,512042;0,04363626;0,04413029;0,053276321;0,048068875;0,140417453;631035,9953;0,048150289;0,093799242;0,046510842;0,052850525;0,055;0,0408;;11;1;;0;1
MetroInterstateTrafficVolume;min;701,6791811;725,0880044;564,6968998;549,8691937;519,2472866;522,8613781;602,1994982;532,8266643;524,9765217;527,3659035;548,8776365;587,8749009;618,8694108;532,0102693;528,834105;573,0682162;533,7716479;614,0179868;529,6829039;533,0793779;615,74656;517,3310849;561,4060378;527,73;531,22;;6;8;;0;0
MetroInterstateTrafficVolume;max;824,2914943;822,3047962;643,9814797;667,725913;592,1814283;585,6059788;9219,802417;6889,046668;17513,80183;588,5374273;640,4475161;16908,25336;14483,85754;561,9509065;549,9449813;656,6512379;599,3156393;4098,415064;5010,40064;597,8345381;24160,43838;585,6051798;633,1758401;527,73;531,22;;1;1;;1;1
MetroInterstateTrafficVolume;average;778,7419431;780,2429865;602,4846552;606,8476291;557,5465882;552,1066902;2086,140251;1861,584286;2482,515088;559,2708394;598,1143045;4738,932771;3576,166603;550,4908078;542,9683535;613,5414989;565,3461831;1162,963503;857,6179186;567,4640098;4240,603501;552,4020555;594,8864451;527,73;531,22;;1;1;;1;1
HotwaterPredictor;min;1396,816565;1615,919446;1071,163827;1110,793732;867,1672475;1080,966688;886,3019787;1099,36443;1047,799053;1051,735216;1246,184958;958,3965105;1065,140487;986,7497222;1032,905074;1049,727695;1076,629639;973,7119243;2286,355459;1189,17386;961,2334453;1178,412908;1155,910532;1170;966;;18;5;;0;0
HotwaterPredictor;max;2101,344987;2322,456606;1652,839501;1825,271162;1329,048575;1426,485773;1261,023121;1667,648841;1566,918068;1467,946007;1934,918113;1432,379154;1479,726986;1223,537234;1286,172802;1381,935767;1529,707449;1314,236132;3337,671272;1597,388873;1403,745725;1624,255525;1620,479639;1170;966;;1;1;;1;1
HotwaterPredictor;average;1819,103151;1906,032299;1337,373398;1458,866739;1174,255738;1246,467591;1072,502657;1427,171255;1331,504687;1240,376659;1587,147748;1156,25142;1252,545137;1142,764246;1172,270167;1236,408458;1310,439205;1145,645542;2719,383329;1383,306131;1162,325568;1401,285094;1424,82344;1170;966;;6;1;;0;1
SteamPredictor;min;28780,40955;39583,25526;18346,81641;27117,07595;13713,22384;16633,9138;16378,93547;21007,47494;19539,47673;15800,64934;11281,82599;11878,07728;17089,05903;26308,46309;27093,64905;18707,73368;17464,5507;13190,55995;61596,2659;16392,91292;12076,9655;16224,53735;19038,79598;30520;28950;;22;22;;0;0
SteamPredictor;max;53184,73404;68682,91455;47398,24409;49043,31025;43662,79467;44117,73585;39837,12211;41198,13017;41433,05618;42978,62092;46582,29835;44422,4375;42408,38274;34281,04902;36322,93964;43075,96694;44124,9727;43183,68355;94765,01744;44880,77119;44206,8627;44700,12218;50528,90423;30520;28950;;1;1;;1;1
SteamPredictor;average;42924,76175;55239,47152;34168,97513;38081,06224;30611,23737;31131,86635;29315,721;32018,74692;31246,60853;31014,82503;32105,48137;29704,37021;30576,84618;30462,4023;32431,66763;30813,80372;32219,2418;29429,96045;76160,53072;31524,69267;29823,9248;31357,74909;35238,80806;30520;28950;;6;1;;0;1
ChilledWaterPredictor;min;848,9906532;633,0947923;1217,429261;518,6092867;779,9008707;835,4938265;602,1481657;1121,136527;1031,965482;975,1831682;526,9369021;673,653262;1322,5608;1030,904932;933,16546;1442,375374;904,0817529;617,9461334;3695,632853;967,5890499;622,1165186;930,3912319;1578,02108;2044,785;3093,211;;23;23;;0;0
ChilledWaterPredictor;max;4508,690819;3767,356099;3678,057157;3772,072494;3583,225955;3725,31473;3652,371531;3687,339086;3690,229425;3716,439103;3823,379515;3717,605942;3638,598493;2444,611822;2591,098242;3698,242655;3804,905026;3767,711522;4908,071236;4077,517473;3742,812452;3748,224702;7037,254012;2044,785;3093,211;;1;3;;1;0
ChilledWaterPredictor;average;3350,285304;2224,276368;2420,350041;2200,831018;2215,133646;2241,064341;2215,939738;2364,754528;2332,364049;2479,203355;2205,152431;2146,749891;2419,593925;1744,370404;1815,495197;2517,901417;2449,605008;2202,908042;4346,00899;2437,387177;2138,914979;2286,957962;3137,416197;2044,785;3093,211;;3;21;;0;0
ElectricityPredictor;min;557,5626229;529,0969711;407,7905481;424,5046229;387,6165345;494,9230627;499,1004084;408,19967;399,4598703;487,6426045;390,6412575;506,6960713;506,7702667;491,0724189;560,2579208;492,9141829;456,3594149;489,7198175;509,1191695;519,7992442;499,4494521;510,1560252;526,4215643;422,59;421,59;;6;6;;0;0
ElectricityPredictor;max;755,8544091;812,1460021;546,9817079;562,4130457;561,7952431;646,8797032;693,0686538;537,3818954;522,9982123;640,4637996;553,6669292;645,0573616;663,9680538;575,72014;639,7879362;629,2150076;589,4784677;661,9548509;627,5134726;670,4421082;652,5855288;663,2589737;693,5748406;422,59;421,59;;1;1;;1;1
ElectricityPredictor;average;666,8095994;684,4845453;469,3780178;493,4781641;484,637414;587,4044025;609,9700474;465,8443466;455,941085;582,6548477;464,3892486;589,4681401;596,3895995;527,927002;601,6258625;575,6958267;527,3431984;589,4279537;574,558434;606,6626791;588,6598471;604,1935433;618,172663;422,59;421,59;;1;1;;1;1
MadridPM10Quality-no-missing;min;9,974121665;8,490583398;8,739240801;7,871053521;9,090754347;8,362105139;7,965125648;9,593115225;8,999798068;7,961244535;12,52520959;6,58118165;7,653449935;7,624934257;8,305675975;8,159497853;8,074930769;7,89214302;8,52807121;7,833536139;7,006283655;8,691997024;7,620675241;1532,825;1161,357;;24;24;;0;0
MadridPM10Quality-no-missing;max;11,01123959;9,534852399;9,391047999;8,369476376;10,19297892;8,959219983;8,919738724;10,34869519;9,679998437;8,468626046;13,25134474;7,320480616;8,309481644;8,245711458;8,788116315;8,800196397;8,744038547;8,487192284;9,37290582;8,405698857;7,585005921;9,399809568;8,173948005;1532,825;1161,357;;24;24;;0;0
MadridPM10Quality-no-missing;average;10,43547051;9,038400368;9,113714479;8,112964945;9,505179122;8,646174689;8,487872363;9,934554433;9,344004516;8,212942646;12,86074472;6,951213913;7,934148988;7,866277371;8,524926784;8,458431063;8,356629983;8,181598137;9,003325073;8,116628626;7,253705283;9,062433218;7,831730246;1532,825;1161,357;;24;24;;0;0
GasSensorArrayEthanol;min;0,264169859;0,230062103;0,242327995;0,232348261;0,163532195;0,120665629;0,25223636;0,173486503;0,169941405;0,15526527;0,171020764;0,243777018;0,105355689;0,170656982;0,09760562;0,190976797;0,225271547;0,244424535;0,137490681;0,106983869;0,246053964;0,157727385;0,215332386;0,336;0,163;;24;8;;0;0
GasSensorArrayEthanol;max;0,38968852;0,36075318;0,317445158;0,302314878;0,25122087;0,175415592;0,519430077;0,244818068;0,237684947;0,224110486;0,257209738;1,421162123;0,665795856;4309,363258;0,138367303;0,278556348;0,293701475;4,012218365;0,239621947;0,182146801;6,347207901;0,230720007;0,32977787;0,336;0,163;;16;2;;0;0
GasSensorArrayEthanol;average;0,342482364;0,282927008;0,268867895;0,265736723;0,201701386;0,151774126;0,306066251;0,209464703;0,207139092;0,185983228;0,207405049;0,329279958;0,156668794;862,0168608;0,120052316;0,213550351;0,254921641;0,654548278;0,184896523;0,149946301;0,504129817;0,194112919;0,268106788;0,336;0,163;;20;5;;0;0
GasSensorArrayAcetone;min;0,264710084;0,232839614;0,231158573;0,225629279;0,20385688;0,1575399;0,247894814;0,203068011;0,200504728;0,178618315;0,192766578;0,236876876;0,106689003;0,182040158;0,136290262;0,147875028;0,228775275;0,249177237;0,205555985;0,158878637;0,23692965;0,1863212;0,242496837;0,298;0,223;;24;14;;0;0
GasSensorArrayAcetone;max;0,358269651;0,373496988;0,290398741;0,298338255;0,284244522;0,224729343;0,503136222;0,29586814;0,315400008;0,24165206;0,258172599;0,316412275;0,560913121;1510,843419;0,161702833;0,23225468;0,301143012;1,791258294;0,356179235;0,243897889;0,535341574;0,250715704;0,317722976;0,298;0,218;;11;2;;0;0
GasSensorArrayAcetone;average;0,317429277;0,307367906;0,259959554;0,262321301;0,238941638;0,184547683;0,294932049;0,232775013;0,244260189;0,2010619;0,223759689;0,272839695;0,143452224;448,8884003;0,147809534;0,194287858;0,2593604;0,548681615;0,262313579;0,19306513;0,304125176;0,211795024;0,275738812;0,298;0,208;;19;7;;0;0
SierraNevadaMountainsSnow;min;52,08666623;62,20322056;39,47281276;52,58982445;30,80755225;29,24592533;28,49977915;35,79808739;36,98560681;24,54901106;67,52878433;24,95355583;34,67857556;37,76706839;27,86747203;60,03624435;40,82197657;31,2635221;40,44109202;36,78002282;25,62387179;39,58645853;44,4069265;29,074;24,575;;6;2;;0;0
SierraNevadaMountainsSnow;max;79,96575149;90,18388283;65,95372672;76,79748931;63,58524992;53,04107147;44,52408717;54,59302598;55,08662674;47,17177742;98,29939823;41,11987048;60,69679656;50,82470822;47,42827183;75,08959696;63,00384117;49,44076939;62,44982159;57,24555399;42,3430653;62,86191024;67,8148473;29,074;24,575;;1;1;;1;1
SierraNevadaMountainsSnow;average;63,58065518;75,13120528;53,70734581;66,96145407;54,3199741;43,00014169;36,41566328;46,9662149;47,1037836;36,92058234;83,02962466;33,8337952;47,80648606;44,44119105;38,72901371;68,54777467;52,2160696;39,73244887;52,2769167;48,69493372;34,69172833;51,8083372;56,06689145;29,074;24,575;;1;1;;1;1
BitcoinSentiment;min;0,216524789;0,20727427;0,167050106;0,165432356;0,214186451;0,160874237;0,186531154;0,178046149;0,177314189;0,163742113;0,214427054;0,172068308;0,170420632;0,171499888;0,168418716;0,2350972;0,156592213;0,199565301;0,197402909;0,160615412;0,172335802;0,179517169;0,164314053;0,273;0,225;;24;23;;0;0
BitcoinSentiment;max;0,287126968;0,308108928;0,238460874;0,237230718;0,289747884;0,235079973;0,253077183;0,270278481;0,261869551;0,242154039;0,289215243;0,256789305;0,252651939;0,233405763;0,227326296;0,322641016;0,235702065;0,2666057;0,30318293;0,245571811;0,273212344;0,247287745;0,247072204;0,273;0,225;;17;1;;0;1
BitcoinSentiment;average;0,260327531;0,264243793;0,207364596;0,207242956;0,246243091;0,197054796;0,220598358;0,215563662;0,211556332;0,201173361;0,246648992;0,218466696;0,204024328;0,202498319;0,202755506;0,268838168;0,19930574;0,226851539;0,232402563;0,201430538;0,224384504;0,209727099;0,208649615;0,273;0,225;;24;17;;0;0
EthereumSentiment;min;0,255743683;0,267143516;0,205914436;0,215282402;0,234338183;0,180642991;0,222710702;0,201391466;0,195632344;0,180515187;0,227387046;0,224886882;0,224920965;0,208742642;0,222417132;0,257575956;0,193913601;0,224794674;0,213185071;0,187496411;0,226109932;0,20084716;0,22420812;0,273;0,225;;24;18;;0;0
EthereumSentiment;max;0,435497085;0,427555234;0,268344205;0,264245287;0,348164163;0,256310134;0,295569619;0,276976407;0,268227855;0,260501758;0,290550752;0,288174154;0,291899659;0,257594472;0,256705637;0,319621571;0,25741072;0,302419277;0,314522613;0,263084068;0,296679499;0,26926514;0,281630743;0,273;0,225;;11;1;;0;1
EthereumSentiment;average;0,318791226;0,333878071;0,241216524;0,246046321;0,271609893;0,223447745;0,252702232;0,235168568;0,231336437;0,225875862;0,257539278;0,251959894;0,249027947;0,239878551;0,241129334;0,287077481;0,233019869;0,255853843;0,262168186;0,229423346;0,257753472;0,234476522;0,252351128;0,273;0,225;;21;2;;0;0
CardanoSentiment;min;0,330824073;0,33277919;0,248130266;0,247779247;0,290347135;0,246456717;0,249148109;0,289460346;0,269708979;0,250514917;0,238630742;0,293714829;0,253999505;0,257503146;0,269349049;0,259257506;0,249965458;0,254053042;0,276686692;0,236430835;0,306606737;0,245000889;0,25808336;0,3;0,316;;21;22;;0;0
CardanoSentiment;max;0,498292246;0,512888429;0,369661745;0,392451847;0,62342613;0,344115192;0,36358381;0,425231849;0,407847832;0,357957633;0,330151784;0,404633728;0,398152747;0,313243149;0,317894586;0,343137652;0,3563064;0,368878351;0,522828994;0,376846429;0,428977936;0,346247514;0,395106614;0,3;0,316;;1;2;;1;0
CardanoSentiment;average;0,39308262;0,421636694;0,316564733;0,315415757;0,43702548;0,297389003;0,304449483;0,342885221;0,333628089;0,301726554;0,287278644;0,349369829;0,329562653;0,283633795;0,294080993;0,306466795;0,295905818;0,324041474;0,388115057;0,305285423;0,357882449;0,29985142;0,324627354;0,3;0,316;;7;12;;0;0
BinanceCoinSentiment;min;0,425386166;0,45685133;0,326777925;0,339779767;0,302341629;0,309514259;0,322836169;0,308326776;0,336678018;0,306635305;0,305329651;0,318964046;0,34111495;0,321486688;0,31650125;0,339278543;0,31143066;0,323533705;0,350529938;0,316955323;0,337177553;0,310682588;0,323447272;0,363;0,34;;22;20;;0;0
BinanceCoinSentiment;max;0,544045541;0,594634607;0,411461196;0,440503318;0,570673225;0,393890299;0,400046917;0,452460855;0,496918775;0,393829715;0,397885129;0,41336157;0,422857453;0,363189126;0,350752681;0,435706498;0,399075429;0,443280019;1,20649038;0,416387681;0,449742371;0,40365315;0,435677045;0,363;0,34;;2;1;;0;1
BinanceCoinSentiment;average;0,484437618;0,500171093;0,372488631;0,383144277;0,409496377;0,344816194;0,366413712;0,380740753;0,383120624;0,346051451;0,353079248;0,377683285;0,390666099;0,337504167;0,335865871;0,387179411;0,350101117;0,371932836;0,513927859;0,353827765;0,385786915;0,34794853;0,377765861;0,363;0,34;;9;3;;0;0
ElectricMotorTemperature;min;8,57769962;8,800685817;7,386695806;7,610317125;14,24537891;4,40489782;5,885377921;11,68549679;11,69394089;4,505233144;8,375188205;4,432469729;6,989463481;10,39070499;4,652734112;12,1206634;5,021132497;5,559742822;11,68977955;4,552433514;4,773094285;8,668035995;5,16976042;11,6;4,21;;19;1;;0;1
ElectricMotorTemperature;max;9,123502207;9,341134512;7,837610973;8,140336212;19,38756408;5,643865371;7,390226123;12,13095753;12,13887702;4,808176952;8,861584751;4,957913506;7,58886465;10,52930378;4,921442983;12,42475004;5,447043192;7,190490299;12,15043516;4,934061267;5,635235252;9,029226609;5,485084628;11,6;4,21;;19;1;;0;1
ElectricMotorTemperature;average;8,840428872;9,023510382;7,604740499;7,833622624;17,60786337;4,656283975;6,593876469;11,96936382;11,97949002;4,65017019;8,609297831;4,728375239;7,379061751;10,43812574;4,782016209;12,27097172;5,241817554;5,911347431;11,98277176;4,698073983;5,163396151;8,869247128;5,31269085;11,6;4,21;;19;1;;0;1
SolarRadiationAndalusia-no-missing;min;0,678737188;0,723924714;0,578187843;0,582901651;0,706442548;0,550923803;0,584553324;0,599663542;0,566920204;0,555454347;0,676725648;0,56932514;0,561551518;0,563035106;0,566163395;0,57568665;0,543821425;0,580974901;0,699336833;0,546318938;0,602390655;0,546496168;0,578888681;0,784;0,627;;24;19;;0;0
SolarRadiationAndalusia-no-missing;max;0,907302258;0,913574063;0,693843572;0,716029742;3,061400677;0,683161827;0,749907872;0,738210473;0,739954605;0,67548581;0,826805278;0,708535576;0,693305635;0,678117936;0,678094985;0,707535016;0,696751429;0,744182556;0,845290284;0,688399794;0,806814277;0,690501106;0,723961152;0,784;0,627;;18;1;;0;1
SolarRadiationAndalusia-no-missing;average;0,823649207;0,844080691;0,645186911;0,655480826;1,042590359;0,621614584;0,670085553;0,673902823;0,657211999;0,619532519;0,766141592;0,65430406;0,631498894;0,609971414;0,618089901;0,644609866;0,630443279;0,654885527;0,769879903;0,623875508;0,695239563;0,625551176;0,656599867;0,784;0,627;;21;7;;0;0
PrecipitationAndalusia-no-missing;min;0,410082758;0,409982661;0,349802229;0,397581463;0,472217569;0,297923322;0,323149708;0,343117791;0,320395985;0,282323319;0,509064667;0,304867646;0,288490413;0,285422736;0,310147147;0,27867168;0,314624564;0,335632655;0,713962839;0,288726386;0,310947682;0,331099411;0,322408065;0,665;0,43;;23;21;;0;0
PrecipitationAndalusia-no-missing;max;0,623796292;0,613187003;0,475280318;0,503150071;5,216870414;0,480780352;0,468095714;0,522406647;0,465066376;0,442075259;0,674035914;0,455300444;0,448684973;0,417326829;0,461747095;0,426100144;0,484119442;0,4855849;0,879509161;0,466614466;0,469328406;0,49162542;0,499695396;0,665;0,43;;21;3;;0;0
PrecipitationAndalusia-no-missing;average;0,490902961;0,503864131;0,410595866;0,453094328;0,985432438;0,385120669;0,397995803;0,415939528;0,38869524;0,361292952;0,599802388;0,379391696;0,36174422;0,353553562;0,39024938;0,345239176;0,394483498;0,409186637;0,798526798;0,369005242;0,388840983;0,402333732;0,401573995;0,665;0,43;;22;18;;0;0
AcousticContaminationMadrid-no-missing;min;4,714737532;5,211872131;4,204930307;4,960581843;5,634875733;3,325190491;5,527340035;4,860052922;4,797470791;2,604083667;4,438175974;2,980443663;2,56792394;3,921571232;3,437861398;3,365186464;4,299562251;3,550444134;4,461808326;4,091179247;3,659963762;3,393276274;4,684915034;3,488;10000000000;;8;24;;0;0
AcousticContaminationMadrid-no-missing;max;6,326729013;7,477754045;6,040499887;6,793089626;8,147864199;4,667277342;500,8135125;6,544571732;6,336679447;3,930749635;6,348851737;5,630654109;12,53258988;4,624139374;3,72634817;6,930406466;5,895324883;8,34770495;5,960666421;5,941370351;6,984591004;5,196641623;6,183039764;3,488;10000000000;;1;24;;1;0
AcousticContaminationMadrid-no-missing;average;5,440281551;6,591085478;5,046155003;5,726286515;6,712051197;4,119996102;64,51238533;5,664350911;5,620265061;3,281020662;5,435932882;4,076598472;4,263101314;4,311690034;3,583615061;4,632819273;5,071709376;5,127296922;5,387561969;5,126172684;4,429512826;4,602418792;5,255653156;3,488;10000000000;;2;24;;0;0
VentilatorPressure;min;1,104725282;0,952392368;0,976385527;0,86595984;1,268809216;0,605328453;0,69787436;2,215333438;2,170069408;0,590869461;0,772456052;0,365884579;0,722010642;;;0,843679153;0,651858574;0,454279669;2,058097329;0,555218242;0,386222896;1,831578887;0,695822138;2,521;0,726;;22;11;;0;0
VentilatorPressure;max;1,15609677;1,00756094;1,025088824;0,912834341;2,530430004;0,633501017;1,221222743;2,236884476;2,197313442;0,612052961;0,806488838;0,39134381;0,82035832;;;0,865110259;0,695272142;0,553804522;2,085016266;0,588010342;0,42353611;1,865207273;0,716636637;2,521;0,726;;21;9;;0;0
VentilatorPressure;average;1,135625702;0,983354131;1,000071848;0,894524863;2,163210058;0,616613186;0,935242667;2,225153939;2,182645155;0,601514541;0,790831487;0,376182365;0,750593558;;;0,8529131;0,671744969;0,492727935;2,072325591;0,568545469;0,406689419;1,848327724;0,704912061;2,521;0,726;;22;9;;0;0
OccupancyDetectionLight;min;132,0573393;153,5950932;130,4854755;128,9776959;177,5526975;57,12121913;84,94530632;100,3015244;96,64573481;45,98066184;166,9648348;54,28169338;72,96663957;101,9311368;67,86316894;90,30570102;65,66607329;68,45042862;131,6995491;54,72185168;71,82833792;78,57648407;74,40085998;115,418;75,142;;17;11;;0;0
OccupancyDetectionLight;max;223,8283343;215,4408425;190,8239625;192,6264369;477,3400861;94,34817617;480,278999;150,1979105;151,2195137;87,83085078;239,3909222;105,9135635;168,5069035;129,3145994;84,16721391;123,3165252;123,4854757;134,9421447;401,4552341;97,04890173;122,0794359;124,394832;127,6694674;115,418;75,142;;6;1;;0;1
OccupancyDetectionLight;average;185,1225738;184,6406698;155,1418911;157,2362736;238,6848086;80,54537197;129,6057926;118,9895626;114,2068484;67,10728355;200,9932092;85,65542644;89,4353103;113,8871425;77,04733159;111,4229052;100,189621;89,71802356;224,926715;75,28684115;95,3539502;102,433738;103,1617497;115,418;75,142;;15;2;;0;0
WindTurbinePower;min;204,922962;509,2795998;193,307483;401,7571662;53,45471437;84,41623623;821,0505723;857,1702072;841,5423304;40,74169409;752,9965448;100,6057031;96,63133028;77,21609713;55,09181611;540,9535368;86,15170496;698,9408676;28732,92626;61,43884289;56,78309641;101,8938979;91,52074204;275,92;44,35;;15;2;;0;0
WindTurbinePower;max;330,7755919;677,847841;277,1191024;521,7695151;1049,549419;115,0263938;1507,668411;923,9084371;926,8979252;52,21479318;860,3505345;627,2138894;130,9546882;98,8764678;66,09402583;677,4526999;129,5874424;1188,150479;101583,0285;87,70852916;1183,055306;142,3341709;127,0049084;275,92;44,35;;10;1;;0;1
WindTurbinePower;average;276,3996986;586,7300158;238,7697398;466,1866149;951,5195588;97,85141545;1191,20981;891,4587609;888,9447829;44,65780017;805,0839037;283,4952466;112,9894326;87,18343585;58,52270061;611,4291844;103,7842727;1033,868527;62206,2416;74,24638202;274,1875077;117,0780353;104,9718632;275,92;44,35;;12;1;;0;1
DhakaHourlyAirQuality;min;6,807440626;5,928397325;4,167614251;4,109902619;6,459274932;2,638307682;6,506721694;11,83340853;11,82935258;1,433284917;42,42283168;1,144368384;3,684958669;6,250094712;1,709526846;44,50294292;4,379248544;3,275259781;11,85950458;1,971774454;1,907464698;4,346918273;3,84195319;10000000000;10000000000;;24;24;;0;0
DhakaHourlyAirQuality;max;8,125247392;6,976618303;6,051527213;5,574002697;12,30722346;3,778145361;15,50887945;13,38683203;13,3924079;2,263763764;47,29753178;9,233041813;6,012939037;7,580364747;2,277825591;50,63270311;6,788391503;13,48772339;13,40933801;3,541730492;15,33463326;5,486841031;5,94058454;10000000000;10000000000;;24;24;;0;0
DhakaHourlyAirQuality;average;7,448273555;6,442643089;5,133465441;4,632155171;8,680293411;3,171019856;10,26525866;12,38410617;12,36874559;1,784269657;44,73789737;4,053259306;4,256387447;7,242909807;2,00711456;46,89615555;5,571973061;5,915341674;12,45696514;2,702426154;5,476822887;4,813816587;4,946150527;10000000000;10000000000;;24;24;;0;0
DailyOilGasPrices;min;2,211914717;2,129638171;1,593566566;1,905470213;1,602674387;1,046398769;1,636334738;1,607023565;1,637966236;1,020426147;1,699988447;1,542209856;1,454406285;1,382980697;1,301506274;1,856611718;1,182821372;1,61073587;1,713666665;1,097088924;1,490342996;1,172730285;1,272832375;1,716;1,23;;20;6;;0;0
DailyOilGasPrices;max;3,408802428;3,281797694;2,502464036;2,554151943;2,674200282;2,201153115;2,559661182;2,512604718;2,523425652;2,101252982;2,800419138;2,574168067;2,137563053;2,200363509;1,887153448;2,870444319;2,446313938;2,40459044;2,904762479;2,088332843;2,633114517;2,181236168;2,511297238;1,716;1,23;;1;1;;1;1
DailyOilGasPrices;average;2,742104965;2,822594755;2,055256323;2,251423798;2,150854011;1,594442325;2,069046448;2,097964143;2,05238854;1,490441862;2,203537324;2,030314809;1,773578212;1,772813152;1,501047437;2,275253774;1,70819581;1,938074244;2,363609487;1,559385261;2,149367716;1,684827856;1,716902549;1,716;1,23;;7;1;;0;1
WaveDataTension;min;20,34097707;19,42447016;15,62755946;15,80159003;14,40348627;14,49710776;18,14473083;13,4021722;13,40390512;14,04879357;14,11944997;15,98304189;14,83126438;15,65681973;15,35404215;14,05923978;14,48868579;16,91539646;13,36439098;14,21191768;16,81227735;14,6444019;15,29383545;16,072;15,58;;19;15;;0;0
WaveDataTension;max;22,30238413;21,88304297;17,40667483;17,46629515;28,5898986;15,97465921;30,58605263;14,74180035;14,74482241;15,95731065;16,12570291;18,21318258;16,4738389;16,08955623;16,14147083;15,97069581;16,05877774;19,4707202;14,71984861;16,10711046;18,75874226;16,28016132;16,61542257;16,072;15,58;;8;4;;0;0
WaveDataTension;average;21,33728439;21,051859;16,51618271;16,54466608;18,16305278;15,1791087;21,10001988;14,10799353;14,11048357;14,91208505;14,95342151;16,87144929;15,7711515;15,91831885;15,63136528;15,14328284;15,35697044;18,33222298;14,08011574;15,21209347;17,7932096;15,43532706;16,09434385;16,072;15,58;;14;11;;0;0
NaturalGasPricesSentiment;min;0,057915597;0,058787195;0,046977072;0,047079696;0,043875096;0,047917446;0,067206183;0,064536324;0,067819418;0,046041919;0,041329841;0,063956946;0,050785651;0,063093595;0,052117509;0,067097842;0,045679554;0,064805654;0,056227684;0,049001062;0,083932095;0,044277537;0,048612927;0,09;0,062;;24;16;;0;0
NaturalGasPricesSentiment;max;0,090569149;0,094545714;0,074039377;0,072026716;0,098196541;0,084093784;0,154938365;0,31071137;0,235239933;0,079054261;0,088117149;0,60211391;0,106251355;0,080398231;0,06448835;0,110117444;0,07645168;0,348322703;0,103373365;0,07944968;1,288483897;0,080455547;0,07796075;0,09;0,062;;12;1;;0;1
NaturalGasPricesSentiment;average;0,074277285;0,07465107;0,057353974;0,056623394;0,06482931;0,059680743;0,099373675;0,113516909;0,112669624;0,059235352;0,06380328;0,150787387;0,076623362;0,071657305;0,056980048;0,090879838;0,055980824;0,14314017;0,079551134;0,058588413;0,341369779;0,054798466;0,06019653;0,09;0,062;;17;10;;0;0
DailyTemperatureLatitude;min;2,174589922;2,815603764;2,091755978;2,906887159;5,118279636;1,88729208;5,886642985;10,4917839;10,54121222;1,742275309;7,570379853;1,573215014;2,843647701;3,063603156;1,745177464;4,667629907;3,040694408;4,473629902;9,856511931;2,615686413;1,726850525;2,0975883;2,85623395;11,8;2,317;;24;9;;0;0
DailyTemperatureLatitude;max;2,422492756;3,065575579;2,223467758;3,132342308;5,9505673;1,989130929;6,882617477;10,73939456;10,78380207;1,824280489;8,110471567;1,664255773;2,949273508;3,172246958;1,808038429;4,796921084;3,230741469;5,534541262;10,11978048;2,737736255;1,82641253;2,201785439;3,054691997;11,8;2,317;;24;8;;0;0
DailyTemperatureLatitude;average;2,274194001;2,930518905;2,158074383;3,021105577;5,427369621;1,950407394;6,156038706;10,66030699;10,70029761;1,782911045;7,795729473;1,615974041;2,903165535;3,112871344;1,779312953;4,734259669;3,116088241;4,985806594;10,03085542;2,677904382;1,780762077;2,151805902;2,942073421;11,8;2,317;;24;9;;0;0
MethaneMonitoringHomeActivity;min;0,641134419;0,644035949;0,495448753;0,498489126;0,536497902;0,446055724;0,454166155;0,534045719;0,53420533;0,46801813;0,447414341;0,461961212;0,528919056;0,554715257;0,522836884;0,586345689;0,465876166;0,485599823;0,534368973;0,485179549;0,487550572;0,460650962;0,501730109;0,57;0,51;;21;14;;0;0
MethaneMonitoringHomeActivity;max;0,747498482;0,759245593;0,589335951;0,589802014;1,201926866;0,553700062;0,79704969;0,626550391;0,62732046;0,577084289;0,569498842;0,841708641;0,671059281;0,607192629;0,564418158;0,664584068;0,573742372;14,90118236;0,625943102;0,567016554;1,233217856;0,565696703;0,604661756;0,57;0,51;;6;1;;0;1
MethaneMonitoringHomeActivity;average;0,693399679;0,694371456;0,540157277;0,541139933;0,63676152;0,505240813;0,535491401;0,58907204;0,589212579;0,530501093;0,512269458;0,557152617;0,5761072;0,577727326;0,549395749;0,623893339;0,525421802;1,558559081;0,588744422;0,524413723;0,634287604;0,517091157;0,556359678;0,57;0,51;;13;2;;0;0
LPGasMonitoringHomeActivity;min;1,553060349;1,570011218;1,251675184;1,257750728;1,230823953;1,207778236;1,237027295;1,234452565;1,233060255;1,22141313;1,213375812;1,223892122;1,288441489;1,278016315;1,252067442;1,28862106;1,245648947;1,232692243;1,233475352;1,229384487;1,251578845;1,228338215;1,302247944;1,31;1,223;;22;4;;0;0
LPGasMonitoringHomeActivity;max;1,761511963;1,757122281;1,397047425;1,420506843;1,615154919;1,346692193;1,367516623;1,392187542;1,394006605;1,364966774;1,41059249;1,385526883;1,440847278;1,347868472;1,311043125;1,427938832;1,369396604;1,870349108;1,38990316;1,377310646;2,341141194;1,356585967;1,439628878;1,31;1,223;;1;1;;1;1
LPGasMonitoringHomeActivity;average;1,699540168;1,696242532;1,334805069;1,338571711;1,339257755;1,262008068;1,297673319;1,306737738;1,306076598;1,295705907;1,313783784;1,294682408;1,357416468;1,311534275;1,28579777;1,349483465;1,303420821;1,344633038;1,304916271;1,28930511;1,385517461;1,280573361;1,383632295;1,31;1,223;;12;1;;0;1
AluminiumConcentration;min;338,1544541;300,9726383;287,5346039;250,6303294;213,7820069;189,338805;357,2583578;224,3840127;221,6656988;214,7508946;228,5476326;193,1649056;189,1839142;219,3292444;229,1267397;201,7650379;240,8321162;247,4070279;184,6811545;173,5859836;193,5095052;183,8450162;248,6132863;308,47;313,802;;22;22;;0;0
AluminiumConcentration;max;437,559466;404,7246064;354,4118728;346,0850014;322,3365674;283,1334859;4000,822271;310,5834521;312,2676413;306,6443886;347,4030208;287,3020151;499,1158193;236,4880566;266,1205724;421,1087833;330,1308843;392,772055;279,9391251;289,4639857;285,5920046;291,2574739;336,8475488;308,47;313,802;;10;12;;0;0
AluminiumConcentration;average;382,5578723;358,16945;324,5381204;306,06429;273,7296896;245,1929451;985,8150861;277,9587767;274,3850127;269,9898933;304,6733751;247,1979928;247,9727286;225,9957612;244,5906914;247,1290534;293,337887;316,4113525;237,0224242;234,0929328;250,4116375;245,0510324;295,7334134;308,47;313,802;;19;19;;0;0
BoronConcentration;min;0,466242549;0,362267054;0,548349602;0,357424117;0,884408722;0,59836451;1,666865478;0,751355783;0,69715939;0,56934091;0,331527611;0,434793179;0,818707313;1,017432523;0,960506247;0,853634545;0,977731465;0,698725659;0,658868999;0,396103465;0,496483303;0,476935726;0,410395861;0,923;0,897;;20;20;;0;0
BoronConcentration;max;4,045584566;4,089292588;4,115228295;4,10624595;13,80556428;3,924276929;29,13749257;4,145670555;4,13508364;4,038305678;4,163922456;4,016490309;4,033353191;4,061503954;4,043098637;4,643664657;4,00910304;7,616111186;4,074742388;3,805031067;4,047260234;3,834019207;6,925749526;0,923;0,897;;1;1;;1;1
BoronConcentration;average;1,993851285;1,861264882;1,909408858;1,982374851;3,60876857;1,762709179;5,724229475;1,834672609;1,814600193;1,880072126;1,625566089;1,710220341;2,026824125;2,288707576;2,253422264;2,131066682;2,315726705;2,765996615;1,802806243;1,885017573;1,801264035;2,038787098;2,895464606;0,923;0,897;;1;1;;1;1
CopperConcentration;min;1,864902737;1,662167605;1,375387508;1,4283568;1,700722454;1,129717667;2,330756175;1,110093253;1,193061559;1,164001655;1,036248559;1,046877406;1,185655064;1,735767215;1,747960148;1,114218663;1,337011823;1,349470605;1,106090243;1,1214332;1,324931032;1,220746066;1,33969447;2,222;1,88;;23;23;;0;0
CopperConcentration;max;2,973935397;2,876038717;2,483062648;2,488992718;2,723268919;2,452162606;12,94708658;2,536426153;2,562943272;2,438307149;2,509109817;2,436066226;2,335495469;1,966257259;1,990087666;3,165974414;2,575626038;2,723394562;2,397115468;2,426264915;2,479440197;2,594414218;2,651745197;2,222;1,88;;3;1;;0;1
CopperConcentration;average;2,481286465;2,41371588;1,934786775;1,953788775;2,343640554;1,826204251;5,178148741;1,900740461;1,925903779;1,845850754;1,838950709;1,840679375;1,838508249;1,856972488;1,862385913;2,042072334;1,951352421;2,096999323;1,819888738;1,863294371;1,918499428;1,902307477;2,014370357;2,222;1,88;;20;10;;0;0
IronConcentration;min;76,26199807;70,77627769;67,19803591;58,85437896;59,32661958;53,10452788;81,65262877;67,40490658;63,93163222;54,88243627;61,07996091;54,02681499;48,59411795;50,70752254;51,74002976;50,86062397;61,00951623;61,42283613;52,91135918;51,24049445;58,67637924;52,23175216;60,14035885;79,3;78,433;;23;23;;0;0
IronConcentration;max;104,3626411;103,0691975;87,27891133;83,03975341;91,59262718;69,02829902;710,5485784;83,89079835;79,94202791;71,85425069;81,80609828;74,2449625;73,27680199;60,116827;62,10860663;70,92202975;83,18903312;95,98531494;68,14883739;70,99389984;76,03253428;72,09152772;91,84331933;79,3;78,433;;12;12;;0;0
IronConcentration;average;88,66924034;83,8350781;77,74218194;72,37891344;72,32744981;62,13209684;197,8017258;75,61194473;72,22367602;65,35273164;70,75329167;64,44217143;59,62378741;55,29452743;56,42400309;59,65266684;72,90785097;73,21783715;60,58249773;61,92113525;66,51699813;63,82448968;74,12393628;79,3;78,433;;21;21;;0;0
ManganeseConcentration;min;102,4440201;98,26092291;85,20537104;82,88298691;81,53292546;68,28003192;98,94775869;86,66574487;85,67141901;70,84899611;75,78302198;68,66581675;64,55609517;72,28187976;76,44423481;68,00444764;78,77135633;79,47482307;70,31797715;66,91848148;70,3939264;69,7884671;82,79069281;107,45;93,53;;24;21;;0;0
ManganeseConcentration;max;139,8742003;137,9927017;117,0171654;112,4047678;107,5650356;93,99738473;626,3932898;111,7577796;114,4462479;100,1701356;107,3876853;99,31972983;262,4535118;88,04305986;89,31887988;137,4208831;105,1536458;130,279965;108,0444921;92,91956739;101,0451361;96,88147349;106,4317726;107,45;93,53;;12;4;;0;0
ManganeseConcentration;average;121,990065;118,4272188;101,108313;98,89821593;92,80130189;81,28308457;229,3549658;98,03372446;99,5841337;84,62758495;93,65182411;85,29851986;87,76920411;79,72788061;82,75975874;87,29099568;93,77465028;97,22910218;84,61378309;79,91395868;88,30386921;84,10939131;96,53162147;107,45;93,53;;21;13;;0;0
SodiumConcentration;min;66,20645554;73,11000807;94,92489193;122,6435225;106,946325;122,1211036;135,7976422;154,2719234;168,5787921;200,7588728;41,2343187;87,6027578;233,4760475;191,4100245;113,0993645;207,895202;129,7275087;142,0629106;189,5243123;252,5052556;83,0653175;187,3239382;135,8863045;129,17;129,17;;11;11;;0;0
SodiumConcentration;max;1334,651643;1024,528683;1017,575646;1018,251758;1012,876098;1003,620227;1013,851947;1030,549247;1022,783669;1002,110155;1017,206145;1016,185894;1015,31439;313,4224959;331,561176;3828,71271;1016,336567;1189,000252;1023,698001;1081,977616;1684,440902;1005,486578;2088,725014;129,17;129,17;;1;1;;1;1
SodiumConcentration;average;659,3807353;620,1986713;453,9542042;444,1322252;399,3960633;312,7762688;469,6492356;399,9167718;410,5009362;407,9308835;362,554838;382,1992832;532,353921;238,3321208;190,9043316;1009,654912;470,0355794;478,4272807;415,4720612;652,7057211;431,5253439;397,03691;850,978348;129,17;129,17;;1;1;;1;1
PhosphorusConcentration;min;14,41034422;12,19784971;16,94023344;14,63271147;18,42064642;11,6468903;17,7070469;17,42079201;17,49648683;11,3230866;11,65172247;10,00704139;12,08521162;15,63305201;14,41951853;13,41666808;15,35623549;15,05348253;17,28109254;11,90456318;11,80990157;11,90902871;15,03434401;25,67;19,96;;24;24;;0;0
PhosphorusConcentration;max;32,99589039;37,5712597;36,1378612;35,47058672;57,19959355;34,03597959;120,3947267;37,30673444;37,17912752;33,56186711;35,11011773;31,69573721;33,84693151;33,20797181;33,7182482;55,53691229;33,77729119;33,71430081;32,24396064;33,42548761;32,786158;35,05061362;38,96385562;25,67;19,96;;1;1;;1;1
PhosphorusConcentration;average;22,15365216;21,42403;24,30561554;23,35735003;27,8304659;19,06393242;42,62398886;26,10423568;25,92273808;19,14935;21,52606299;17,76582541;18,97688136;20,86076768;21,0492139;23,40036017;23,61119974;20,73771342;22,74373446;20,63640512;18,55051309;20,34701166;24,22503009;25,67;19,96;;20;6;;0;0
PotassiumConcentration;min;143,963995;118,8586746;176,3112316;166,0751938;203,5347457;106,6397049;231,9364076;200,0536494;204,5004104;116,4779355;181,3496565;122,2418955;116,2055731;141,0904919;140,8221693;140,2024955;162,7746078;126,1933667;158,5207549;121,1203245;123,5041644;125,8500594;164,7554616;213,052;167,612;;23;18;;0;0
PotassiumConcentration;max;312,841363;299,333628;298,5203;280,2240473;346,3795999;275,2121803;1912,08047;364,9333572;351,3508267;287,6630893;359,5486151;288,8425866;337,7150126;294,7321618;283,6688693;727,3067159;299,9132272;294,1256077;281,7310009;290,1169424;284,728597;306,5466427;328,6411118;213,052;167,612;;1;1;;1;1
PotassiumConcentration;average;242,0271422;221,9606116;223,3864802;224,2391146;261,4602119;167,6801579;497,2196969;272,2283563;262,9824713;174,8586198;261,1384361;172,418649;168,9301303;197,7113971;191,2297455;209,2308732;227,9612721;182,3009588;211,2083739;186,2389512;177,3003326;183,8791945;230,5353122;213,052;167,612;;13;1;;0;1
MagnesiumConcentration;min;193,9920238;138,9566214;217,5873962;179,8843514;241,5806355;102,546027;286,3118431;260,0550202;229,4989828;114,3385723;199,2218206;80,696741;98,00850857;127,4243785;120,4246323;104,1193732;179,6824726;104,6754019;116,5323774;118,3449932;92,50651223;126,9721416;175,9741042;302,257;208,653;;24;19;;0;0
MagnesiumConcentration;max;361,9370644;334,4857175;358,4840977;331,3230822;360,5199455;255,3968888;7448,785677;390,6868563;357,4965838;261,3632598;361,9783666;195,5394475;191,1207603;182,1142839;201,442167;291,9482176;300,9263651;236,5913241;187,5482048;248,7608994;203,4090696;272,1458191;286,8599356;302,257;208,653;;15;7;;0;0
MagnesiumConcentration;average;298,2168503;228,5297135;277,3211653;248,0022016;298,3643971;160,8196349;1112,378767;324,6611861;293,1095639;167,9659143;278,8177435;127,5101196;133,2127537;147,2499391;151,3960752;144,8789764;244,7341761;166,3486444;140,4054583;166,5049431;135,3439666;193,0456142;237,2577385;302,257;208,653;;22;13;;0;0
SulphurConcentration;min;38,76057653;87,77468284;79,12147149;87,5585187;136,5915687;68,32342586;56,78869211;66,28365239;51,81782057;89,28644009;20,22486807;46,63864996;87,41048377;119,7977727;119,1828192;117,6359362;91,5440895;43,43252133;95,8811723;58,02682882;49,57875235;85,81837742;40,39088775;309,202;331,764;;24;24;;0;0
SulphurConcentration;max;384,0844374;368,9172886;382,408087;379,3679402;381,5427156;377,1806685;2607,825771;378,6443987;380,2224913;378,887331;381,7586473;382,8866097;576,8681647;316,4496865;319,2002479;721,2797998;382,5488245;382,8961928;379,5933336;400,3001869;380,8083169;373,7707377;522,3691669;309,202;331,764;;1;3;;1;0
SulphurConcentration;average;251,9018798;251,1591474;221,0833662;217,3026844;246,5601044;206,0873049;279,7896738;201,6205318;201,4705376;222,424255;197,9890281;206,5099143;213,8497006;243,2693294;241,9181154;272,0340962;223,0694506;208,0137122;213,6157746;215,0778566;210,1144342;213,127695;309,2021073;309,202;331,764;;23;24;;0;0
ZincConcentration;min;1,466375289;1,289400274;1,081021022;1,131968395;1,093581692;1,005643837;1,044694673;1,005834961;0,997944572;1,205963407;0,994586056;1,104388295;1,081901579;1,263693454;1,367032901;1,178216605;1,170401206;1,157814954;1,014759088;1,174140648;1,237536234;1,080095852;1,2477105;2,103;2,118;;24;24;;0;0
ZincConcentration;max;2,45686568;2,481711811;2,17210757;2,191050489;2,042509001;2,02429668;29,7223527;2,047547597;2,06984528;2,054002097;2,115311099;2,043542303;1,927856545;1,958948887;2,039763117;2,049584031;2,094001119;2,399905985;2,072680758;1,964231076;2,129984839;2,055844121;2,081830061;2,103;2,118;;16;17;;0;0
ZincConcentration;average;1,828630779;1,889708184;1,540421659;1,540108997;1,49616167;1,429352329;4,265433011;1,436631741;1,454665741;1,589328633;1,433719548;1,542791929;1,381516175;1,550300551;1,638072713;1,489651766;1,53372111;1,638924859;1,440314224;1,509911433;1,659296324;1,50812809;1,66211709;2,103;2,118;;23;23;;0;0
CalciumConcentration;min;2356,000259;2044,319078;2477,527934;1979,05719;2063,73194;1134,982859;1939,436134;1851,935361;1873,178082;1395,364703;1940,682123;1279,230415;1365,100407;1774,851444;1631,506654;1578,749605;1614,376616;1552,921848;1570,061393;1348,655183;1259,23468;1403,603162;1754,877653;2946,2;3392,32;;24;24;;0;0
CalciumConcentration;max;5351,990258;4963,510044;4586,243377;4499,856575;4485,484131;3222,691739;4769,700238;4191,815991;4094,163905;3282,041294;4726,476431;4024,546602;3354,204933;4980,029471;3221,499649;4025,048861;4316,424122;4364,240294;3421,033743;2819,548868;3985,053571;3729,043115;4825,642437;2946,2;3392,32;;2;6;;0;0
CalciumConcentration;average;4236,15138;3027,549129;3446,114173;3095,929708;3247,369894;1938,746885;3539,993435;3094,429853;2983,270751;2189,777141;3564,986836;2471,502471;2050,048336;2776,351446;2169,959685;2487,968147;2963,172908;3026,672964;2103,223186;1783,894975;2478,981119;2343,737929;3533,258208;2946,2;3392,32;;12;19;;0;0
;;;;;;;;;;;;;;;;;;;;;;;;;;;;;;;;
;;;;;;;;;;;;;;;;;;;;;;;;;;;;;;;;
;;;;;;;;;;;;;;;;;;;;;;;;;;;;;;;;
;;;;;;;;;;;;;;;;;;;;;;;;;;;;;;;;
;;;;;;;;;;;;;;;;;;;;;;;;;;;;;;;;
;;;;;;;;;;;;;;;;;;;;;;;;;;;;;;;;
