0.3855633802816901,0.416567908571369,0.7038754725241078,0.04357917165047831,0.0018991442017418526,-0.18005101668026988,-0.1634845309824799,-0.1122911789004815,-0.04449246402672223,0.05492040081114982,0.003016250425257346,0.03443745963692031,0.0928437296577384,0.17678438824478454,0.19829140856034716
0.44366197183098594,0.16876685892696097,0.2925242105746102,0.02634875076512291,0.0006942566668825651,-0.06637493938390039,-0.05493159020024843,0.0,0.0,0.015778617201882852,0.00024896476080355347,0.03821813095962454,0.043183453585193446,0.07059275058936205,0.08557491006314355
0.31205985915492956,1.0,0.9812521151736463,0.1334110757178516,0.017798515124194336,-0.3770161574747861,-0.325973975107723,-0.0538746311851456,0.0,0.18502983679999474,0.03423604050623269,0.036196823546850034,0.06847154862241905,0.44879044775140403,0.5295377755429252
0.37632042253521125,0.24079367780675764,0.27835635827658317,0.0347075327123291,0.0012046128269773944,-0.08851982598251214,-0.0675515157385676,0.0,0.0,0.03166035796202533,0.0010023782662835806,0.03372193786725888,0.04164103083041702,0.09130178056365865,0.12812956379646054
0.15669014084507044,0.14441266518378432,0.10671493197289851,0.025607150818725992,0.0006557261730529793,-0.06569465437123431,-0.06174140821985315,0.0,0.0,0.01070648193668344,0.00011462875546052878,0.03448747185798501,0.04466302193750592,0.06371461933867176,0.06573950835781724
0.39172535211267606,0.25544105929694577,0.35250201411721765,0.03292280340023024,0.0010839109837302117,-0.0985271199601542,-0.06960493173903234,0.0,0.0,0.029397417293640607,0.0008642081435364398,0.03386475095999244,0.04935308839877873,0.09016528352458482,0.1298186482719099
0.23107394366197184,0.30554921643414434,0.25212359447792343,0.047021502803619095,0.0022110217259107587,-0.13882188363501557,-0.11213836623018102,-0.03946280722209156,0.0,0.030900702734269606,0.0009548534294716971,0.038030903400392856,0.06318612117301235,0.11035638515690728,0.13710460619524958
1.0,0.28291390923434356,1.0,0.031240828588950054,0.000975989370924159,-0.11438220603261892,-0.08978302760064288,-0.04461828611946984,0.0,0.045765126772446145,0.002094446828498067,0.0,0.03671834051364619,0.11146295717817545,0.1384056240770432
0.25704225352112675,0.1026638303323912,0.09371875948459996,0.01593517419218533,0.0002539297765352894,-0.039118683319036014,0.0,0.0,0.0,0.007075813425710115,5.006713563545951e-05,0.033645535682167924,0.03610863585305484,0.048706648917449566,0.05408911295216264
0.26276408450704225,0.1157530693283181,0.1284133647166316,0.019668337334131897,0.00038684349348920663,-0.04149607441995831,-0.03946074263887172,0.0,0.0,0.009164779008360172,8.399317427207924e-05,0.03477208006292936,0.04394300977649672,0.05912000752429344,0.06372159836059992
0.4431678292983176,0.4902032225919488,0.35301401754942996,0.04862399339392529,0.0023642927335724906,-0.13777229124882873,-0.10665023997933402,0.0,0.0,0.04792609909328948,0.002296910974299803,0.03251191238879069,0.051752659731090514,0.12178422801825883,0.19053127989035692
0.4608124743537136,0.3052645842714124,0.3099248082716443,0.025756764794493993,0.0006634109326788852,-0.09572404174284006,-0.07684898895569503,-0.03612441916867083,0.0,0.02465085015052519,0.0006076644131436479,0.03331881580520986,0.05234006920423698,0.09567694196537385,0.11100089127318594
0.20599097250718096,0.1832269726739094,0.10196513397539121,0.016977206526239897,0.0002882255414346026,-0.07311720067191552,-0.05940836495060289,-0.04327159571618633,0.0,0.01625103384627264,0.0002640961010726989,0.0,0.028986061171647523,0.055000540950688556,0.06192947250905539
0.3282724661469019,0.39513968716008246,0.2742079756195878,0.03769229907397462,0.0014207094094819475,-0.14254053300988587,-0.10854701517173573,-0.048337184791028415,-0.03099148640482775,0.03272986092534037,0.0010712437961921226,0.025408947627363142,0.04917817625271878,0.10339939089001353,0.12813095433856678
0.35125153877718507,0.5755240415121591,0.4119182290549095,0.04708822239292961,0.0022173006881259978,-0.19031837750549943,-0.1489448488405459,-0.07983395716768985,-0.03627874129461674,0.047317654230800026,0.002238960401905548,0.029268286595961777,0.07939049489879565,0.14434512181724776,0.1965308254775085
1.0,0.8452325276919194,1.0,0.06280974976628553,0.003945064665703406,-0.2554554550803182,-0.09984326853251205,-0.04611461493869542,0.0,0.06449068707517906,0.004159048719428667,0.033006092328478925,0.05319791955736944,0.12604889684894052,0.26769268847529387
0.13582273286828067,0.21452014249004536,0.06919805614557835,0.025478119277971032,0.0006491345619425191,-0.06804224822342514,-0.061747480969229857,0.0,0.0,0.019408409567242997,0.00037668636192984947,0.025266436750705636,0.03685406996950599,0.07408311745793851,0.08119263512013394
0.6142798522773902,0.7204655071754524,0.6888662678093027,0.0626364413703199,0.003923323787537522,-0.22730449020139823,-0.12929656733834025,-0.05113241456250946,0.0,0.0682746198863625,0.004661423720627286,0.03603973945782788,0.05843165508552189,0.14397967041287305,0.25977124903525783
0.5876077144029545,0.39549588350596004,0.4584739517694028,0.028765938842371483,0.0008274792374830563,-0.12965548955554806,-0.08616249809500529,-0.04947480447581563,-0.03891287091280601,0.02894149137601578,0.0008376099230679957,0.03965409487530499,0.05053585711034833,0.09283345986228085,0.1328527554428644
0.9121871153057037,0.5261185206762848,0.6334373787344715,0.04964268298606267,0.002464395974054716,-0.15032176683057052,-0.0853350581457529,0.0,0.0,0.047641070992552555,0.0022696716453174323,0.03214631471026325,0.0369355973745055,0.11693348110273313,0.17473590570117153
0.22240459581452607,0.14132470999022853,0.09858136072566023,0.013629882377328149,0.00018577369361980043,-0.043374904990670204,-0.04299537721067574,-0.035517925474958745,0.0,0.009678817152878015,9.36795014788457e-05,0.026508268237611578,0.04034930014256619,0.05484014422556034,0.055632325240712856
0.4952810832991383,1.0,0.8771839510958895,0.10923997428084714,0.011933371980880146,-0.3195159443200824,-0.24464902247692014,-0.048126372519539426,0.0,0.10557044277416404,0.011145118387533045,0.030599804033798927,0.06608401966174393,0.26296785327099814,0.34393309171468006
0.25112843660238,0.17918822505669343,0.0874652769358312,0.026421213237273287,0.0006980805089294652,-0.06367350611647689,-0.05155565060972789,0.0,0.0,0.01205015497731204,0.00014520623497723815,0.025850613869639473,0.029918660258720278,0.051651471815045404,0.060598303365311704
0.28641772671317195,0.09670069891118101,0.06439426684557586,0.015188051648196857,0.00023067691286829525,-0.033620093268567304,-0.0316074892883331,0.0,0.0,0.006203950687600821,3.848900413418269e-05,0.02317519354683279,0.024997594103797184,0.03779639434786186,0.03958313830073507
0.4641309581126625,0.20081237854023082,0.12515456169183312,0.016352503972927732,0.0002674043861846173,-0.0644810687283167,-0.04387326680771772,-0.024400661275697278,0.0,0.023039685624178043,0.0005308271136609564,0.026383757636827813,0.03922444341748748,0.08331333839002034,0.09550392533929036
0.22580645161290322,0.08342691674693607,0.02867987644124988,0.011822820705075898,0.00013977908942437137,-0.03013534141809541,-0.024236520652348863,0.0,0.0,0.010829707716459403,0.00011728256922394036,0.0,0.02483748134052855,0.03596511980008872,0.0458905876570148
0.21232546942705827,0.11251866292941623,0.0305226067885579,0.013323841358185116,0.0001775247485380842,-0.030675476835364965,-0.02648442278014471,0.0,0.0,0.013626603518643863,0.00018568432345431732,0.021829524738661375,0.02710770454550658,0.052760610227097375,0.06058399963447865
1.0,1.0,1.0,0.09823976670812079,0.009651051762865999,-0.31977915179396954,-0.22600286137126846,-0.046490207064912546,-0.022243214275190923,0.13880917195268452,0.01926798621818994,0.03175143772737626,0.09832926223298169,0.3283054893054584,0.47119729925225107
0.2753972075108329,0.240569854132365,0.06630487988509288,0.022935149367776155,0.000526021076522203,-0.07134953898679579,-0.049290927340647966,-0.019068841725188006,0.0,0.035676773501503264,0.0012728321674775657,0.022249560096727187,0.02737003226736641,0.08563237333739457,0.12249298930950041
0.7818969667790082,0.6935701125753647,0.3009680913319776,0.06348368467449621,0.004030178219850864,-0.1862172449868258,-0.06011280330582331,0.0,0.0,0.10442946595014725,0.010905513358632964,0.023415127049020976,0.03127873947544271,0.08719946237602393,0.35721018762182727
0.8598940779971113,0.4785688569970947,0.5999860573596789,0.04143876234286081,0.0017171710245080993,-0.17820494840720202,-0.11811604882019099,-0.061509386657881644,-0.02842922259466744,0.06736149132928303,0.004537570514105072,0.029257660759562324,0.09743269659339734,0.22159782762618882,0.23355285265899878
0.6952335098700048,0.33917536273293697,0.2731760333864852,0.030676829803518293,0.0009410678867940283,-0.10287839842281377,-0.06374068104587394,-0.024840588158683313,0.0,0.05141447169451691,0.0026434478996262807,0.021576898411808598,0.05155980837419604,0.14300097960126487,0.1717387906602312
0.1249408424041647,0.1313861119370636,0.032471012344975465,0.004757486618135547,2.2633678921738807e-05,-0.07985720872341354,-0.07889755080786438,-0.07034498501309683,-0.06595608435264483,0.023328869822004748,0.0005442361671720438,0.0,0.0,0.0472972643268479,0.04806245338220058
0.3014671083767156,0.19157762846134718,0.12363665810483478,0.023151342272682816,0.0005359846490269103,-0.10790864712539988,-0.0936014574584039,-0.07156590599663974,0.0,0.017594034365889577,0.00030955004526810346,0.04735889149265118,0.06358838354173327,0.07489906520404369,0.09194264391046963
0.1486038807382868,0.40199148304452514,0.0981248996161947,0.06881779294211146,0.004735888625423327,-0.19854571928534717,-0.17667120222112154,-0.073215290582028,0.0,0.048556567137458984,0.0023577402121745614,0.0511256697928218,0.0793758321106465,0.17248519995917577,0.19101034939046818
0.5082820634169427,0.33736253299261626,0.336210980205774,0.03189687814328809,0.0010174108352877696,-0.15764232843775305,-0.137119038467785,-0.11052770188895847,-0.07149185844511975,0.027799264163254005,0.0007727990880183783,0.06892430591186864,0.10704310454749136,0.13689999072402342,0.16597831940330976
1.0,0.4341471439160186,0.5135467639447306,0.05502495478663468,0.0030277456492711907,-0.18172365773016624,-0.11465079983223717,-0.07256260286948178,0.0,0.03849577439516104,0.0014819246462831363,0.05376479269209179,0.07272634095423956,0.10838572096962511,0.19074041832373229
0.4117368670137246,0.2289226905033927,0.19415157135687836,0.03467366143455859,0.0012022627972783958,-0.11798159014307914,-0.10458801140767378,-0.08368271396458789,0.0,0.015697406475817098,0.00024640857006702455,0.054711931803151044,0.07295311089113843,0.09945290099427984,0.10243023914187085
0.26313298627543774,0.16062335680066928,0.0535803484445861,0.027108572692467078,0.0007348747134227718,-0.0717372817742289,0.0,0.0,0.0,0.011925464028321332,0.00014221669229078603,0.04887565955782126,0.050399018198264076,0.07037519743530642,0.08334489697791317
0.1609086606720303,0.23318294562617783,0.07659983537055542,0.03892074869443406,0.0015148246789352905,-0.14092803804862739,-0.13284198979714543,-0.08564151655970438,0.0,0.02319080148332778,0.000537813273439118,0.0,0.06070954765126191,0.0861410119188566,0.0886372047880168
0.8902035021296735,1.0,1.0,0.1458906703327275,0.021284087690132576,-0.5185316248975042,-0.29226908753808695,-0.10652153680398899,0.0,0.11456082200575539,0.013124181938634367,0.05449510556368504,0.10936046734907796,0.2305262574691436,0.43964447068150864
0.12020823473734027,0.8440943596400674,0.14015839428380597,0.052703476808472455,0.002777656467701194,-0.17835510356536008,-0.1739423286931818,-0.10161501333084957,0.0,0.18335890623296522,0.03362048849494933,0.057153397885729214,0.12210802849552926,0.44142570887614685,0.6116433546041642
0.33863485752153744,0.21259594847822602,0.09644890760483776,0.015686907782945233,0.0002460790757906277,-0.05244397744724957,0.0,0.0,0.0,0.009717882122849245,9.443723295359294e-05,0.05360126638222694,0.07033788042056793,0.08130357751137168,0.08680556422801561
0.6547382372432075,0.4666110736353206,0.490123330726654,0.03206594141704102,0.0010282245989611067,-0.1246815952162628,-0.1130117780349734,-0.06934775057433026,0.0,0.03561898485181977,0.0012687120818741663,0.06368090830194732,0.09158165888275871,0.15166792728773806,0.17645060604579801
0.2538104705102717,0.2616787664742342,0.09554945819231618,0.03510014578594393,0.0012320202341945172,-0.07976380138973851,-0.07250027418778185,0.0,0.0,0.0158150241269426,0.00025011498813577656,0.050244604944728176,0.05130416249885479,0.08375220931461547,0.09196858739882537
0.9595758780649437,0.4116673096939687,0.664949385625914,0.038485620882174144,0.0014811430146864383,-0.11905181499351183,-0.11044144863936392,-0.07430452343596038,0.0,0.028889024719714985,0.0008345757492563035,0.0589018158544582,0.08952428566713674,0.13573770281904968,0.14663485913659338
0.33465871438038436,0.386875197610822,0.19319130527326867,0.03521879077755162,0.0012403632238329552,-0.1119959286648757,-0.09489801513213485,-0.058060426510378293,0.0,0.02805965516119171,0.0007873442477649925,0.05297106772689039,0.07483096477893006,0.12105136143550506,0.1407394567355168
0.6255798542080848,0.5746546409049689,0.5928252559771761,0.04822454334590177,0.002325606580920758,-0.18427761588151587,-0.15084351369130022,-0.09725520022456297,0.0,0.04591410263859774,0.002108104821107688,0.053602700963229624,0.11621134508327288,0.18562873183372383,0.19217819865432226
0.5725646123260437,0.46275873269528894,0.395662937502721,0.044780056163436145,0.0020052534300004955,-0.13192451971162003,-0.11876209584542022,-0.056858316490531885,0.0,0.041605833543252445,0.0017310453848288301,0.057875699893998656,0.07647530490820614,0.15851488666721367,0.17135843339658163
0.9946984758117959,0.8321410433384959,1.0,0.06582615243371309,0.004333082344226432,-0.2325185291676418,-0.18409325685909778,-0.07552831822158054,0.0,0.07138437370129741,0.0050957288087264815,0.06089285314896279,0.09884229616978775,0.22510402087759188,0.28929830472474294
0.7587806494367131,0.42107991369736414,0.48224679479089266,0.039432889493338605,0.001554952773793854,-0.12253491432139585,-0.11471336260778878,-0.05726878424569283,0.0,0.03456080508336015,0.001194449248010013,0.06143437424759261,0.07231629039581014,0.13842231461069365,0.1541370990926447
0.3167660702451955,0.4095144545810156,0.18423957499064442,0.03809566424216708,0.0014512796340519275,-0.11827838596091335,-0.10302339333991668,-0.05294032315426375,0.0,0.034304550669184475,0.001176802196614645,0.05476120666675855,0.06406443316510947,0.1296727622961221,0.14957949304843665
0.39827700463883364,0.42881633038141964,0.23636874665428395,0.044479520139149374,0.0019784277118089946,-0.12313467821569261,-0.10596251630164619,0.0,0.0,0.036279953605134294,0.0013162350335906966,0.05316296796197214,0.06500020814254062,0.13468965030480973,0.1569745105996745
0.3538767395626243,0.9921344305541331,0.4482576668423794,0.08341797550797442,0.006958558637849019,-0.2638380795940076,-0.21223503262296348,-0.0770651889096731,0.0,0.10711152242736446,0.011472878236707802,0.05809680345720156,0.11899308977768536,0.31132681362083303,0.382301713623964
0.29489728296885354,0.2700101457861952,0.14989068297733069,0.02849143232780403,0.0008117617160898366,-0.0780050869705953,-0.07650954284892644,-0.05668338118101318,0.0,0.016496410257149367,0.00027213155137218283,0.052052267285293524,0.07162491008190622,0.0986507874396071,0.09961147480258796
0.2982107355864811,0.2924086973017176,0.11500082372755548,0.03630759139606969,0.0013182411929839538,-0.08430158183307505,-0.0722912726896948,0.0,0.0,0.019354623881467074,0.00037460146559305566,0.0509706309214035,0.05681789597287601,0.09108947734550238,0.10668333163781367
1.0,0.3927783237867312,0.5590771036348404,0.0318399681168334,0.0010137835696809676,-0.11310059319747012,-0.09490633127017474,-0.05719348484752687,0.0,0.02937606286105094,0.0008629530692164164,0.05689832085737796,0.06751520890866852,0.12489870392218944,0.13721038130286073
0.2524850894632207,0.4687584111285354,0.18497108440106697,0.045550909670062215,0.0020748853717701674,-0.13206108330657343,-0.12207632795269802,-0.059814707872258774,0.0,0.04187606963478033,0.001753605208056971,0.05395956404534862,0.08484139509555454,0.16333198759506073,0.17537716578561435
0.5096090125911199,0.46405500228733254,0.31063635607435597,0.05467661488233593,0.002989532214991279,-0.1294042762373867,-0.11963647834632622,0.0,0.0,0.04755477500558837,0.0022614566258321324,0.055216012329248304,0.06108437888040533,0.16105308953710598,0.1751154307006852
0.852882703777336,0.5476945539914461,0.6190292805432841,0.05682954314651603,0.0032295969742417276,-0.1705641553641362,-0.13355180391780125,0.0,0.0,0.05125511893596235,0.0026270872171396463,0.05772789091367362,0.0766090350421311,0.15013284557313294,0.21941741216907368
0.6527501656726309,1.0,0.6679619174766843,0.0921529982624771,0.008492175088764107,-0.27845480358526453,-0.18626456912744385,-0.052851668393930046,0.0,0.10349720604554627,0.010711671659234258,0.05707662104382956,0.08290560798467703,0.25252103810001797,0.3681931345999272
0.3903247183565275,0.3239518446322442,0.1754012383028129,0.03794243656682781,0.001439628492627752,-0.09284525079463499,-0.08069418718462898,0.0,0.0,0.023860247563126134,0.0005693114137736666,0.04941882928624609,0.05952684218574159,0.10352874788414929,0.11895083927445144
0.4552683896620278,0.516186725586254,0.3203442651561278,0.05420105551951883,0.0029377544194299624,-0.1458730838101436,-0.1299480045020796,0.0,0.0,0.04956623037957807,0.0024568111940414085,0.05327242832060903,0.07065847907440392,0.1694807789622908,0.19194907683030438
0.30304449648711945,0.26462027640924946,0.2710253384289001,0.020915302285305463,0.00043744986968570395,-0.1140319724092399,-0.10541461779602346,-0.08374763914615502,-0.06429543165412167,0.03225813126623618,0.0010405870327897242,0.07105276994331255,0.1092480012672661,0.15892747665319157,0.17499018794119658
0.2135831381733021,0.29953532334435046,0.207746167044876,0.029312409919062136,0.0008592173752631323,-0.13250936500437527,-0.12491704736272906,-0.08124021015822638,-0.06300123008006195,0.04347444125107264,0.0018900270420929661,0.06840254083081468,0.10321797955903021,0.18330624060033446,0.19559301449489724
1.0,0.5173625190815356,1.0,0.04190879487255669,0.0017563470876700341,-0.18187072585330738,-0.12289436896576858,-0.07312391822952397,0.0,0.06770438717391081,0.004583884042594817,0.07466789150785869,0.09535710957592415,0.1795899393841799,0.30063921004495237
0.18548009367681498,0.33482327182044036,0.1581518077241553,0.05793598640962553,0.0033565785212563144,-0.1503311288337448,-0.13047164258650937,0.0,0.0,0.05359480209622057,0.002872402811733049,0.06408697018616487,0.08277893653778581,0.18827288687309654,0.2150974668415057
0.36440281030444965,0.3475793100756704,0.33217908469609525,0.046730373414209,0.002183727799431411,-0.15242717423496574,-0.12709259086062058,-0.06905582355074877,0.0,0.05333149498967403,0.002844248357833626,0.06596925160670991,0.08624783556895534,0.18225481209155434,0.2257285788670252
0.19297423887587822,0.25363185804663557,0.16005204222253114,0.04090382338997222,0.0016731227679180384,-0.10839461596678862,-0.10532781466114287,-0.06583877660364,0.0,0.03473278417078336,0.0012063662962542195,0.06824943530928337,0.10401170847218438,0.16448251160287797,0.16982185038085917
0.502576112412178,0.6148966024562302,0.6411553852427286,0.08858506597005344,0.007847313912918721,-0.2714529990026239,-0.17720613442720923,-0.06187362980725415,0.0,0.10003528672384052,0.010007058589920983,0.0712303430862474,0.11856985628864487,0.26747037100253446,0.39267283319993657
0.32927400468384077,0.36109259882488903,0.2823169338667726,0.05054969410135524,0.002555271573740589,-0.15437081272702308,-0.11866530579691867,-0.06295508296947841,0.0,0.054512742897956684,0.002971639138258727,0.06587769958477177,0.09394498822572336,0.1791767130643091,0.23720203869144443
0.20046838407494144,0.1939936214163384,0.1387568875630639,0.02697974641189388,0.0007279067164501007,-0.08753962786943785,-0.08348598397302097,-0.0698174726288083,0.0,0.017644716090426924,0.00031133600591177075,0.06794783225579251,0.09323947036644471,0.11826318400461781,0.12495037541469452
0.19437939110070257,0.20338495870808637,0.1009251478820495,0.03988732058802925,0.001590998343692222,-0.08923576754345529,-0.07941974623188325,0.0,0.0,0.025632345858926767,0.0006570171542316401,0.06242170419031453,0.0673728702484257,0.1182910722824744,0.13292856541982245
0.20234192037470727,0.7337278400231524,0.36929933909573776,0.11044769568292374,0.012198693481667734,-0.32257988929781284,-0.2817660498813246,-0.0860224150494282,0.0,0.14312335911248905,0.0204842959236425,0.07173633189835078,0.14000887084686078,0.42037480750108586,0.47846425442573415
0.7114754098360656,0.3545382847437565,0.6742104200718948,0.04523316878846415,0.0020460395586456874,-0.1537447485002021,-0.1217409560607984,-0.06755342159557753,0.0,0.04881417575647649,0.002382823754784177,0.07877199426116598,0.1040558564800151,0.18889219487762343,0.2305450050852417
0.2215456674473068,0.6869105212307134,0.40768152286320497,0.09991724061852994,0.009983454972821208,-0.29982278822431624,-0.2735520228339135,-0.09870614302198708,0.0,0.13293005646151618,0.017670399910861882,0.07274479578111974,0.15267594242046492,0.40989252351465716,0.4513149334169072
0.39625292740046836,0.26860883831713794,0.2869325422215888,0.04050455764946364,0.0016406191903787235,-0.11026625560842078,-0.09336708964322266,0.0,0.0,0.03425848277202041,0.0011736436418408192,0.07284630713576612,0.09471910335514595,0.1529655408573504,0.17634518144261616
0.535831381733021,0.45205957964613663,0.44637535363147307,0.05871418853303006,0.003447355935092198,-0.18549763386525153,-0.09593083574980116,0.0,0.0,0.0671786730467871,0.004512974112327118,0.0677203796296653,0.08840158489610757,0.1556240482093044,0.2921251661213163
0.46978922716627636,0.4484446627783084,0.5955310943051081,0.07027790126000326,0.004938983405510767,-0.1884011651539584,-0.1815449748473021,-0.07037645874647627,0.0,0.08365962239794623,0.006998932419766947,0.07142748713707574,0.10481440956674572,0.2798132940138416,0.30259035365452935
0.27259953161592504,0.1714114773911226,0.12147388373988613,0.028956012315012804,0.0008384506491871732,-0.0679904441091616,-0.06220935812483916,0.0,0.0,0.018748746957870894,0.00035151551249027314,0.0661114412196324,0.0779410994480886,0.11396606082106017,0.11979953063375652
0.5859484777517564,0.5247745233561936,0.5132761773161687,0.05733119764163053,0.0032868662230237018,-0.20149458537796905,-0.10265870275716793,-0.07103089867330176,0.0,0.09375160758733396,0.008789363925209456,0.0,0.08362567047910194,0.12578881420806676,0.35355520418817943
0.40702576112412175,1.0,0.7366053578284497,0.1750273292866593,0.03063456599722066,-0.5699710773663156,-0.4095221882550328,-0.09975225135215221,-0.09041644187504613,0.1719178345286663,0.02955574182902589,0.0,0.07283451718438487,0.35266573788034405,0.5091445128914069
0.512610340479193,0.440323133225351,0.589076455385315,0.06135897175565674,0.003764923414911481,-0.2058585055679979,-0.1705787248705094,-0.11930585583982506,0.0,0.036830721328293,0.0013565020335623772,0.10962680793469055,0.1402305626635299,0.2046402090333617,0.21819342024846394
0.5882723833543506,0.5349052380489786,0.6567293568412921,0.07132850936447206,0.005087756248157579,-0.2281219353005916,-0.18832303976493098,-0.1126290033370932,0.0,0.05147627189632974,0.0026498065683448666,0.10133764500237812,0.11739156683190957,0.21212674389121866,0.25923898511225163
0.4810844892812106,0.6629443938447586,0.8068158260553796,0.0803780754962737,0.006460635020484673,-0.29307777717589945,-0.26672647059005583,-0.1383119593177443,0.0,0.07005641380996398,0.004907901115912913,0.11736846478682218,0.19133773890148106,0.3161241101569128,0.3346748232749964
0.255359394703657,0.43317936416995195,0.2342438586452383,0.0847874433255797,0.00718891054568839,-0.20938109123595505,-0.18341600682814935,0.0,0.0,0.032544113863588756,0.0010591193471662299,0.10214171298905377,0.11287028207679219,0.17096161856368908,0.1957882100327754
0.3593947036569987,0.3308859477128742,0.2618751520485174,0.06386672008825671,0.004078957934831732,-0.15757637890754914,-0.125782370993491,0.0,0.0,0.01536300455963856,0.0002360219090994752,0.10082789224275164,0.10528215421027076,0.12409290384425403,0.1504370908620834
1.0,0.6653625468676451,1.0,0.08846466816721832,0.00782599751393605,-0.27555754854866726,-0.15296079392697082,0.0,0.0,0.05679939735069624,0.003226171539402279,0.10384374201478974,0.12322702003370196,0.19983611449446562,0.3039092576132099
0.308953341740227,0.4655926135163734,0.3716174486857409,0.04638570500388508,0.0021516336287074494,-0.201168381371146,-0.18325011175277017,-0.13148881419864597,0.0,0.03584978873265531,0.0012852073521760197,0.1096450256286291,0.14136292934838343,0.18690943500396165,0.23253582081960145
0.4640605296343001,1.0,0.9948968946851189,0.18209030646750213,0.03315687970942884,-0.5517944188830608,-0.49929522501374046,-0.15817178942642615,0.0,0.12267351824201586,0.015048792077874197,0.0,0.14913652565197355,0.36242381665953927,0.4226292463954596
0.13748427672955973,0.23969787725105363,0.05984955446687357,0.027244286343782807,0.0007422511383820304,-0.09915806118322763,-0.06986862469228716,-0.02309858507333791,-0.019901711186872867,0.021629486252267013,0.0004678346755370077,0.0,0.016520706559925852,0.04709458679485777,0.06992204000042258
0.07031446540880504,0.07241922205822553,0.012446596343067688,0.003718867308331148,1.382997405697416e-05,-0.029318346666168553,-0.027348408725852688,-0.020135637389777243,-0.019292856694142133,0.009483363886925117,8.993419061183545e-05,0.0,0.0,0.01946732547764867,0.02244210708273717
0.057232704402515724,0.06938237222078364,0.010694051478992616,0.0030423569699880447,9.255935932834837e-06,-0.028261096507562252,-0.02697005346782561,-0.021599379281920662,-0.018984576171839247,0.008561267954127974,7.329530898237859e-05,0.0,0.0,0.018964344328514075,0.02126251542764814
0.10943396226415095,0.25757375159202806,0.050777478934388276,0.03179837614629267,0.0010111367255411145,-0.09626645725773977,-0.0728438650496135,-0.023075478135769583,0.0,0.02407426253391244,0.0005795701165517403,0.0,0.026727182477852024,0.059781047566836526,0.08602794212579355
0.052452830188679245,0.04655282523631749,0.006197260961395664,0.007546059825329889,5.694301888745776e-05,-0.019893485924087663,0.0,0.0,0.0,0.006394837907703251,4.0893951865798486e-05,0.011931906148322955,0.012871219924722871,0.0252161231784362,0.029119586964455046
0.08,0.32089771587331395,0.041651700346467514,0.027240950423579286,0.0007420693799799046,-0.06927208348830334,-0.055512106154404085,0.0,0.0,0.05374304651585648,0.0028883150488055133,0.013676510465044424,0.019512500274233627,0.1246047489512256,0.15857900729092975
0.12666666666666668,0.0830730798458362,0.019821888757405114,0.010179999603974081,0.00010363239193691244,-0.02716142858298886,0.0,0.0,0.0,0.005889137107044982,3.468193586557414e-05,0.014050172707169656,0.01890996570213524,0.02959964894714137,0.03247505179435551
1.0,1.0,1.0,0.10830715462610832,0.011730439743203737,-0.30144697552933625,-0.1503657783756848,-0.02831224356254377,0.0,0.07828765482520725,0.006128956898030796,0.017382476598056893,0.030650999621173507,0.10978404832733647,0.2327588900498439
0.04855345911949686,0.22512171524209212,0.024143238247790227,0.029228648967083458,0.0008543139204409888,-0.08757807502296991,-0.07834186698526868,-0.027233991096944035,0.0,0.02126755719111339,0.0004523089888772788,0.012755357990218779,0.022712657271776918,0.06459881204356635,0.07283095222635974
0.2816352201257862,0.2356522355590606,0.1648701325745861,0.020167056396220583,0.00040671016368834154,-0.09105842262390482,-0.07539765100395496,-0.04751886726381101,-0.023464607901049605,0.01989313308184719,0.0003957367438120831,0.017809247199252927,0.03518093788011581,0.06484200219197814,0.08810524218060035
0.18339622641509434,0.41214182037963804,0.09884002278247028,0.05800011856972824,0.0033640137541025347,-0.1605852878604393,-0.10459885881370695,0.0,0.0,0.037395660545740846,0.0013984354276522783,0.012673918283662437,0.01746833392335631,0.07539942993191796,0.12412560890407202
0.17635220125786163,0.07860505798959477,0.026350258433016825,0.010091509287972943,0.00010183855970924417,-0.02357372307638835,-0.019162053616585614,0.0,0.0,0.005013160816858137,2.513178137568174e-05,0.012371912837035147,0.015933866417691393,0.02068562467484412,0.030917870066649557
0.35213304410701374,0.2351817132086577,0.2543276481020446,0.020237147188295678,0.0004095421263207436,-0.0679335613439032,-0.06606806553391223,-0.047839459746328396,0.0,0.01493035716986592,0.00022291556521976668,0.0,0.032223321739839675,0.05388863096774917,0.05590924479598766
0.4699927693420101,0.264979100209811,0.3194159031893713,0.01634913886709087,0.00026729434169542137,-0.07799111127159457,-0.06012176195317614,-0.04223681139837288,-0.039538788764740755,0.013304363565374013,0.00017700608987965152,0.0,0.03371788289749534,0.04707988218084424,0.05949335896895325
0.987707881417209,0.8863833913464594,1.0,0.05578320377204247,0.003111765823073213,-0.2135949250072908,-0.06552276489682217,-0.04265986148627552,0.0,0.058093860173055054,0.0033748965898064724,0.02586595090951614,0.03259872335582681,0.056301856568321415,0.21559123391604734
1.0,0.35055573410563046,0.6250339055590768,0.044093727529211535,0.0019442568074203473,-0.12982936262226252,-0.06562282216151058,0.0,0.0,0.014802597305412859,0.00021911688698621605,0.0,0.02995830828579011,0.04035791970539231,0.04771042305916146
0.3615328994938539,1.0,0.6298897581522033,0.10379884938802304,0.010774201134277493,-0.332288508960869,-0.25630092295410845,-0.06195214887005129,-0.042093339676313776,0.06918338010117615,0.004786340082223816,0.0,0.0,0.13456508961301208,0.18730791044532455
0.19812002892263195,0.3596049467589124,0.18327403340524742,0.03766449440963351,0.0014186141391333135,-0.11756239925648472,-0.10586532162874385,-0.048059131668580814,0.0,0.016371993338371586,0.0002680421658716836,0.025776099065630928,0.03447058248991944,0.06459658285467267,0.0702641638176348
0.8430947216196674,0.29245085997680204,0.6678309458891862,0.021429974072073154,0.0004592437887297276,-0.07265712476451028,-0.06618862268891165,-0.04798372815095901,0.0,0.014700095868570446,0.0002160928185451619,0.03050088560280782,0.037649027711450886,0.0640767721862928,0.07508361793053106
0.5856832971800434,0.7209670323024807,0.6551671221387199,0.02835548209054858,0.0008040333645874213,-0.07717533806634039,-0.040290624033922084,0.0,0.0,0.11711867757302331,0.013716784636453795,0.025999184029462125,0.038173859342958125,0.20698944441886724,0.36914813017258064
0.30585683297180044,0.5546751078327975,0.3578048649628827,0.06293760159738003,0.003961141694830533,-0.17666691570281653,-0.14966181469417994,-0.042392483011965534,0.0,0.031303929152551875,0.000979935980387987,0.02618824979266719,0.032702667580105454,0.09476775218106478,0.11263718095713215
0.19522776572668113,0.497332487632456,0.18021537387889247,0.05754154127279136,0.0033110289720483512,-0.16462034530700084,-0.11852333611422244,0.0,0.0,0.019075535371073777,0.00036387604969308673,0.02564441514619613,0.03104519963474008,0.0670447581742448,0.08078108997468685
0.09607577807848444,0.3150681079514286,0.039795928973611165,0.04888441782666815,0.0023896863062522707,-0.12127529525870114,-0.11492790433024487,0.0,0.0,0.02283781031270145,0.0005215655798789328,0.06142121740629614,0.07886675886499861,0.12109973659895591,0.12788079487452547
0.36626071267478577,0.4871758351245373,0.20425397378769752,0.0542114218357179,0.0029388782574501517,-0.19585851194540913,-0.14381021760105217,-0.10652442813793607,0.0,0.030616364919306725,0.0009373618008721554,0.07051956423283712,0.10017573692918076,0.13222818790980162,0.18156553993140737
0.16644113667117727,0.44265616209025477,0.08299069017635431,0.06343440125797184,0.004023923262957379,-0.16097080899879387,-0.14228693835555928,0.0,0.0,0.04281483262329141,0.0018331098925604584,0.0629266875769419,0.08596808042633143,0.1671417825008321,0.18780062034791625
0.22958953540820928,0.45511719980237775,0.1246192361138971,0.05199481137026903,0.002703460409429858,-0.1787493865654716,-0.15231352981015672,-0.09734524057845828,0.0,0.04093817268598147,0.0016759339828672389,0.06429351935579615,0.08285531160888042,0.1617482307723695,0.1797386288600315
0.8033378439332431,0.7365914770428283,0.5835847371610782,0.08397579719108984,0.007051934513879053,-0.28962570124835024,-0.20315522388240173,-0.09739259881613854,0.0,0.06752444033069559,0.004559550041973668,0.07091913980030343,0.10732635225247102,0.19604483345172277,0.2769429614170647
0.2277852954442941,0.36472560392397146,0.08046803387329161,0.06036856003948622,0.0036443630412410525,-0.1394842175086658,-0.1191293108075297,0.0,0.0,0.03395907689131674,0.0011532189033103626,0.05903849578794186,0.06535674822909171,0.13154679543901326,0.14988162246865647
0.9161028416779432,0.9593429409180029,0.5935955771756998,0.09039620226488611,0.0081714733839142,-0.3219658165453703,-0.17631668039290768,-0.09044193834605296,0.0,0.0691945849689782,0.004787890589029145,0.06803861744513125,0.09593293021740132,0.17774743349014432,0.31256129492678125
0.1980153360396933,0.5968925468731502,0.12669544408542147,0.07347780573147678,0.005398987935112641,-0.2414882665719286,-0.1997247618599658,-0.09682938057191535,0.0,0.055631180344544603,0.0030948282265272457,0.06553143117675643,0.09075904345355304,0.1904124025839553,0.22787257832400307
0.14839873703202525,0.28119658747745535,0.049525136512276774,0.046797076099855395,0.002189966331495657,-0.11409079925677776,-0.09963379121344167,0.0,0.0,0.01893999822309666,0.00035872353269090465,0.06020437144696147,0.0654145817395507,0.09486293993406701,0.10737660812849326
0.2548488949030221,0.3640963364817629,0.12884838650610472,0.04093822546389288,0.001675938304132527,-0.15296868487878595,-0.13376518261717796,-0.10859321798051008,0.0,0.020409826774114206,0.0004165610289493491,0.0665467555604437,0.0875665031033373,0.12060484313886825,0.13344879549038607
0.2255299954894001,0.3661621299982221,0.10432457127676252,0.04318873399650282,0.0018652667442206785,-0.1467514415590223,-0.12044336281011889,-0.08630953027830182,0.0,0.02311694827874082,0.0005343932977219781,0.06620597840763721,0.08420790542225308,0.1194633014517156,0.1424994760144092
0.15651781686964367,0.5648584123779303,0.10368222458534539,0.08116980948992746,0.006588537972631118,-0.24163197836680825,-0.2141580079326441,-0.0921454337269158,0.0,0.04723451537444014,0.0022310994426582224,0.06521238949776247,0.09757597688764769,0.18590325522450998,0.20375169751743072
0.2548488949030221,0.32360677592859854,0.10258208578732068,0.055197708689203324,0.0030467870445381523,-0.13560486130861543,-0.11337994101476095,0.0,0.0,0.024120559608667443,0.0005818013958352793,0.06456217630655178,0.08556330546973244,0.12198128343156932,0.14455396858368175
0.1975642760487145,0.4263029557912323,0.09397696988885677,0.06140811243946035,0.0037709562733774047,-0.15190769700979892,-0.13952469790913752,0.0,0.0,0.04598198588201068,0.0021143430256534298,0.06094130645143276,0.06849063554801879,0.1638121927254928,0.18448494985345587
0.2498872350022553,0.44631976906645615,0.11587519416991383,0.06502121148520398,0.004227757943003623,-0.17799080201699422,-0.12943392107204377,0.0,0.0,0.033440798240275314,0.0011182869869468008,0.063633310944912,0.0835137540013813,0.14122758940650912,0.17082424779235086
0.4934596301308074,0.7220041739009226,0.3084082026989462,0.07963926619750247,0.00634241272047666,-0.2792506164177241,-0.16116202783133407,-0.0966968400985972,0.0,0.062205746792040495,0.0038695549339554567,0.06735734577142226,0.0958709934087101,0.14305518495692152,0.2777121317306967
1.0,1.0,1.0,0.11265941915702712,0.01269214472479873,-0.37715269971893245,-0.29614518263407097,-0.11351705526459333,0.0,0.09720533510692779,0.00944887717325013,0.0749887087892851,0.12030635210864805,0.29548903947425365,0.3647150133735757
0.12539467749210645,0.357925465731939,0.0611464054760862,0.050463486270343416,0.0025465634465571384,-0.1504575059921637,-0.14284545511500202,-0.09162886767899826,0.0,0.02435666200203678,0.0005932469838814624,0.06144306483017362,0.08025194606615896,0.12549664075633887,0.13247141829480272
0.29093369418132614,0.5080009055801689,0.20159366247692215,0.055641733801802304,0.0030960025404706292,-0.21416266810372606,-0.19363829489684686,-0.13968519748251781,0.0,0.032098264555474744,0.001030298587473246,0.07347525633927834,0.12549961198364656,0.15956188449934883,0.19352615270828552
0.2309427153811457,0.4351131459785975,0.11018744257683781,0.06388245876440177,0.004080968537785492,-0.1619382918333953,-0.139421360653411,0.0,0.0,0.03925854753400988,0.0015412335544801137,0.06372092139089643,0.08708328222475113,0.15911325600010112,0.1807108335595645
0.4993234100135318,0.44123787075021764,0.20658048065565224,0.053935481307493746,0.002909036143871007,-0.16414488032150093,-0.11044130588189179,0.0,0.0,0.031506250118067756,0.0009926437965022447,0.06600208476522307,0.07273426400655274,0.1116880498024609,0.17226777100991428
0.2160577356788453,0.6476191671360276,0.16446369731239233,0.08167592049107067,0.006670955988063697,-0.2464865323775574,-0.22240208723273241,-0.10102648410298398,0.0,0.0667882111294001,0.004460665145865324,0.0672397898954311,0.11265647794024337,0.23676736745162372,0.26444545142150583
0.3622011727559765,0.6982373713036593,0.244487985837529,0.11093625107618371,0.012306851802838073,-0.26760935328764646,-0.24036074441016814,0.0,0.0,0.08091254883975324,0.006546840559745453,0.06962186252334915,0.08438309065282733,0.24816707836472116,0.2814064598532778
0.13757329724853407,0.48503921431390346,0.08108481913089197,0.068209019822748,0.004652470385180031,-0.19999656800260449,-0.18274162236271962,-0.09157775213553271,0.0,0.0428044988477797,0.0018322251216095736,0.0610272183495112,0.08525053514551098,0.16793578155921632,0.18355581546296007
0.21380243572395127,0.4910176871766231,0.11598426835838048,0.07279510877271642,0.0052991278612316145,-0.19124565982248415,-0.1669526874121358,0.0,0.0,0.044577608495417774,0.0019871631791707426,0.06264413359990906,0.08992961371507205,0.17126474842376715,0.19603663151463824
0.29995489400090214,0.251265993516761,0.11344322565949434,0.01999828159860059,0.000399931266896927,-0.13741320832422124,-0.13312510289446475,-0.11736099554652243,-0.08609547511981232,0.030220887974515227,0.0009133020699681992,0.0,0.0,0.06252128281637859,0.06587796398128964
0.5769057284618855,0.6343101546392865,0.3613873378687125,0.06473955506951086,0.004191209990598229,-0.17774769432038956,-0.11449264416978695,0.0,0.0,0.09274504048789817,0.00860164253510187,0.07655731100793876,0.11585447889321313,0.23695385198168484,0.3887761470905519
0.8520523229589535,0.6505049027050054,0.4488377370203012,0.07423867121266063,0.005511380303421526,-0.23375041699459273,-0.13662263225283014,0.0,0.0,0.056921082822456504,0.003240009669680953,0.0641375099634217,0.08647991160891803,0.15365639011905888,0.26102444800033126
0.2034280559314389,0.2748549763694249,0.07894232290393183,0.03779237949433192,0.0014282639478435993,-0.10541756804158386,-0.1004887168201122,-0.0844807335062896,0.0,0.016306759574844763,0.00026591040783179135,0.06153772759206982,0.07395065850728386,0.1024859737667086,0.11164198013012921
0.3071718538565629,0.46480011438653634,0.17492898242015495,0.055895503542172396,0.003124307316233007,-0.17259729790897665,-0.15612063858099814,-0.10049439471269322,0.0,0.03726747994935383,0.0013888650617754896,0.06588385689520183,0.10098554130279348,0.1565063147674391,0.1908837633075162
0.2070365358592693,0.46019948141802547,0.10032533963167838,0.06943466108904141,0.0048211721605500414,-0.172890369772077,-0.15323933472621182,0.0,0.0,0.04774315743610997,0.0022794090819691823,0.06319102165631085,0.06768301484396663,0.16607545930046083,0.1903532586853267
0.19440685611186287,0.39299955894862715,0.10634375284248897,0.045971254303002605,0.0021133562221913355,-0.14870856813558964,-0.14547519882257004,-0.09991518575268699,0.0,0.03438241617015165,0.0011821505416975057,0.06371660023440018,0.08867215226119615,0.15218961777314238,0.16557484029687763
0.22507893549842128,0.7089167739526943,0.18728801649419596,0.09256196557888949,0.008567717471827522,-0.2624668915852444,-0.2385394862207429,-0.0949012709518913,0.0,0.07906421181414745,0.006251149589792374,0.06816514745745611,0.1262502534350709,0.27468101315823334,0.29714226299433666
0.6350924672981506,0.5047775486886253,0.36763137236738624,0.041473890166711325,0.001720083565560434,-0.18364851042338723,-0.13860367834323667,-0.10436451889969289,0.0,0.043192624943149356,0.0018656028494795677,0.0717492862066908,0.09331098404575631,0.15729391291307016,0.20830535722011229
0.6847090663058186,0.5381139454013932,0.38048279476341096,0.06451133549953526,0.004161712407933598,-0.22403924844113646,-0.12485088768254458,-0.08742773739569853,0.0,0.037332435236365445,0.0013937107206774203,0.07465393828003543,0.10605144659158364,0.16047992216924736,0.1894322710131357
0.32473359506449806,0.5476115671958727,0.1922795719833665,0.05703007501197783,0.003252429455871818,-0.1824581816425674,-0.13722710774832853,-0.07757690201097829,0.0,0.05841736014853596,0.0034125879667237574,0.05243750133581887,0.08275334505591285,0.17945705239209023,0.2250563282819282
0.22546270330902973,0.5914692161177596,0.14692143000562383,0.08006216662331758,0.006409950524419869,-0.24070813716340642,-0.17595853434645684,-0.07397952459037327,0.0,0.043331413544120304,0.0018776113997315727,0.05931487934685116,0.09465728984652616,0.1649841567591858,0.20062981145215059
0.35165451486259114,0.609186416025498,0.22510095752361636,0.050662633057933164,0.002566702388362782,-0.20150855284931551,-0.16780883960740192,-0.09049457140008921,0.0,0.08086330155366647,0.006538873538159199,0.0,0.06200015555698344,0.19190044575002016,0.2502046812657282
0.27117218171620866,0.30452868420563695,0.07372310641363786,0.02305340837857287,0.0005314596378692537,-0.07862679917658746,0.0,0.0,0.0,0.02663836002679329,0.0007096022249170587,0.05703826758969685,0.07361703387418622,0.11455126548015808,0.14643314669758992
0.3261357263039821,0.5157837550957485,0.16098458407465635,0.08033342259641457,0.006453458786054131,-0.21773881428180225,-0.15682413530005163,0.0,0.0,0.031024618739207106,0.0009625269679131608,0.06010904978171154,0.08859840975471561,0.12864829749649198,0.16348944725007444
0.2832305103757712,0.8845168591199596,0.2132541267404585,0.10645136616697984,0.01133189335881642,-0.3106721799692014,-0.19803162064080246,0.0,0.0,0.0938111886798013,0.00880053912151728,0.06114145742943755,0.09210717390010967,0.24444144483903335,0.34710388375740286
0.36371284352215366,0.5865918884211531,0.21252163322317824,0.05893368350805276,0.00347317905182733,-0.1523739452672422,-0.12322081199782904,0.0,0.0,0.09666704219201933,0.009344517046153644,0.050674014637095394,0.07089571222480076,0.26302777617556866,0.2892847562676554
0.16040381379697138,0.44586266653786133,0.09528745444572953,0.05518430714811072,0.003045307755417024,-0.14036006633944315,-0.12221393054270385,0.0,0.0,0.043811670887989575,0.0019194625059975135,0.06160748014029779,0.10997153173764154,0.18091151464839939,0.19495690242736285
0.10123387549074593,0.484549218304665,0.06967541000163431,0.04935182678407504,0.0024356028069253467,-0.20291670642463794,-0.19041900251990113,-0.11226413815281794,-0.07517080677797311,0.036801713558376185,0.0013543661208327696,0.05565611292486035,0.0830738301262783,0.15173393640991428,0.16295087532391175
0.23864273696017949,0.4068430351641437,0.12930313166284452,0.053712397442623586,0.002885021639034357,-0.12474634546814896,-0.11715519073001694,0.0,0.0,0.041788233636390434,0.0017462564704495526,0.058517471760907325,0.11372413575692114,0.17366645238838044,0.1953282844690864
0.0973079080201907,0.405464530889613,0.047433966185340626,0.055146981256909255,0.0030411895417499007,-0.14355235673071864,-0.12654195253085523,0.0,0.0,0.04084189400035031,0.0016680603055358506,0.05259282836403115,0.07475792211758765,0.14799054974082834,0.16190988727011718
0.3309029725182277,0.7128564006989768,0.23972254311641894,0.10067178828279462,0.010134808956055825,-0.28778313001584194,-0.21555899592658642,0.0,0.0,0.06986542082020128,0.004881177026383815,0.06509279314763014,0.07932026403181192,0.21652187641143733,0.26925439766932807
0.37212563095905776,1.0,0.3331793248737146,0.0773655318615722,0.005985425520223943,-0.3547091963992653,-0.23763256695738244,-0.12000876326887333,-0.08071808207620768,0.09040822828874297,0.008173647742309465,0.0,0.10463973172278654,0.18464016396876606,0.35747902233282947
1.0,0.830017466202746,1.0,0.10314339904663336,0.010638560766893047,-0.36199119597813423,-0.21334699210852442,-0.10409620127541666,0.0,0.11474412293898754,0.013166213749037486,0.0,0.13605740378417908,0.33118673585818625,0.37959016448944266
0.5623255813953488,0.45228519033928277,0.5645216116505675,0.0673143823754993,0.004531226074594932,-0.22434427808947727,-0.18622096911431482,-0.09941346619370878,0.0,0.04916948489802988,0.0024176382451375883,0.06464671101190991,0.08995162132618098,0.1744041822203989,0.22311814253454235
0.23162790697674418,0.30580512283393435,0.19629057293921,0.05152281146994886,0.0026546001017678936,-0.1432696072632211,-0.13496120993051824,-0.09094187923740778,0.0,0.03488155498014259,0.0012167228778327103,0.059889035604633455,0.10296115251457033,0.15541348412398862,0.1667447042707864
0.3404651162790698,0.32246707125764357,0.2671334371165148,0.05122275262513748,0.0026237703864960284,-0.1442729276285487,-0.13319372439302082,-0.0844472280273652,0.0,0.03517064356143383,0.0012369741685254272,0.06105964413358564,0.09503522214056197,0.1456376423622248,0.1801707087606674
0.49627906976744185,0.44566027973194183,0.46159112091030907,0.0705073896169462,0.0049712919905958546,-0.22159636950680908,-0.17288875232268258,-0.09091490992513679,0.0,0.056917167047313276,0.003239563904691764,0.0525676248111919,0.076410948575302,0.1662435534345434,0.22727565677678324
0.9386046511627907,0.455163526050858,0.8784982876664957,0.045235768988618606,0.002046274795991669,-0.22950320930503237,-0.148665597827516,-0.10313200385556565,-0.08326065205551787,0.03533219649974381,0.0012483641094965087,0.07332911365645829,0.09285085464970184,0.13893719301208102,0.1970059421063982
0.3786046511627907,0.4995854170727256,0.43435539544471075,0.055245232225613304,0.003052035683661943,-0.22879789042560916,-0.18175381604402582,-0.13167125950640912,0.0,0.06463301722569804,0.0041774269156973805,0.06520079879132298,0.13083968679973604,0.2137310299007792,0.2804776945665793
0.2111627906976744,0.22366625733813755,0.12254312469872225,0.04398667069994276,0.001934827199265203,-0.10993938916996543,-0.09992871517932869,0.0,0.0,0.01957035877525146,0.0003829989425920618,0.05528803017679691,0.07447399291808733,0.10709648780800053,0.11624338144118869
0.27069767441860465,0.3277544956521359,0.16972256381326747,0.055911109145470386,0.0031260521258767025,-0.14300871307886145,-0.11557297624323343,0.0,0.0,0.04189940651638288,0.0017555602664251085,0.059472025525924344,0.07092313241440135,0.13420201283634953,0.18631077514892488
0.41209302325581393,0.3171004385985865,0.2872878037848406,0.053167351139430094,0.0028267672271834587,-0.16738961854787582,-0.12396322336296048,-0.08028358882156525,0.0,0.027647604838210892,0.0007643900532898624,0.057449363183459876,0.0793940370685646,0.11393863648886282,0.15045984234084614
0.2753488372093023,0.3463596153832045,0.25101745718297624,0.05480803114822944,0.0030039202783452884,-0.17829881016718888,-0.16790485892989787,-0.10082498029726096,0.0,0.03686634820370687,0.0013591276298769608,0.05954314399838735,0.09371404133498498,0.15766986592262305,0.17225201635196258
0.32,0.44695076986122406,0.31914479694787906,0.059675344672171164,0.0035611467617424272,-0.21806695193976788,-0.17112005199141203,-0.10722829323919958,0.0,0.0511905949906579,0.0026204770154975698,0.06021092082784457,0.1044743586404385,0.17416570341735615,0.23149594066856258
0.2297674418604651,0.6860622585746345,0.31675661342878975,0.1276581977536744,0.016296615453716242,-0.37610030428317687,-0.3175180423837868,-0.09746798270365022,0.0,0.09307672542340563,0.008663276815544043,0.055753348343252046,0.08819190266682844,0.27324211136397714,0.3163328650061667
0.29767441860465116,0.23910820401053232,0.17806836298314874,0.04629441564808861,0.0021431729201979916,-0.12485942747471118,-0.10180167488346015,0.0,0.0,0.017978466035290915,0.000323225240982109,0.05815020113913387,0.07913251529581199,0.10655795628561233,0.1168150370988982
0.5841860465116279,0.3689546409902712,0.4148723046002196,0.04738869490837381,0.0022456884051189336,-0.18672117885143064,-0.11634626588942013,-0.08321182098725169,0.0,0.04755871102653563,0.0022618309945055216,0.0,0.06931487304421446,0.12276401569363274,0.17642109164270792
0.25069767441860463,0.2647318942144691,0.1947430928768381,0.04739799812082825,0.002246570225862038,-0.13939731448561818,-0.13560358286742472,-0.09626549671480608,0.0,0.022342778855041972,0.0004991997669653107,0.05909003315651004,0.09247511683929818,0.12286903171295338,0.12883040777339996
0.23069767441860464,0.350094191657663,0.19124603682145808,0.05665744077739725,0.0032100655954442766,-0.18289258110517642,-0.1596237609816778,-0.08785820782122601,0.0,0.04123606314500171,0.0017004129036985681,0.05404783706714284,0.07894399645082163,0.15182158175654384,0.1713686860027217
0.5274418604651163,0.5968205471333965,0.5037328264533018,0.09627062791106641,0.009268033798391,-0.29672759570869417,-0.1855665645174439,0.0,0.0,0.07826883162609184,0.006126010004113515,0.059503834510543474,0.07560448538100482,0.18033006632928522,0.29687616870263656
0.5897674418604651,1.0,0.7337815090665184,0.14987271517700784,0.022461830754528515,-0.5010542239043684,-0.22347234944518013,-0.08699025861208762,0.0,0.13922234960870364,0.019382862630568102,0.06094195775428717,0.08159689379900492,0.23167902188460784,0.4811366468144355
0.2153488372093023,0.2881071550605809,0.16171822201487004,0.05608736004418665,0.003145791956726225,-0.14975528066465654,-0.1440267260751675,-0.0817181375106602,0.0,0.031059546827853356,0.0009646954491516155,0.05417681557236176,0.07786998632737788,0.13596993898285098,0.1435695526179637
0.8125581395348838,0.3280587029549707,0.582175986201787,0.06393087210471303,0.004087156408069174,-0.2013490719602837,-0.15095720797700524,-0.08170619023069428,0.0,0.031338565924605606,0.0009821057142108515,0.05459465074741228,0.0702622373454762,0.11843970788349756,0.1404211644897571
0.2786046511627907,0.4473682896749371,0.2599404206542591,0.08951982237281386,0.008013798597660146,-0.23610042150055496,-0.20057257173718793,0.0,0.0,0.05353589785543529,0.002866092359187601,0.056557632307884305,0.0890388579598309,0.1883764679449194,0.21515558259266648
0.5279069767441861,0.45971847985863873,0.4642742237043082,0.06786006718059312,0.004604988717754611,-0.22901384516523154,-0.17215354340722405,-0.08952136481423006,0.0,0.05475753848159875,0.002998388020563768,0.05648026784408374,0.07422242494015795,0.17183034739261116,0.21557326248667258
0.2874418604651163,0.3935198149921571,0.22764349509606147,0.07460834862633442,0.005566405684748656,-0.20184746278239937,-0.15709684743714364,0.0,0.0,0.04127188273265988,0.0017033683042984285,0.05733721164011546,0.092531794315914,0.1539106042673473,0.19334377448318205
0.7665116279069767,0.9960190342633094,1.0,0.12311051263953968,0.01515619832237026,-0.4932790284875685,-0.1818256668796344,-0.1185251882943703,0.0,0.10731284803419239,0.01151604735320967,0.06212094537273338,0.10757168665377453,0.1891636505853908,0.4542523633359959
0.32976744186046514,0.2990563682294904,0.23738437730665243,0.059130056792414544,0.0034963636162741694,-0.16159323681130316,-0.14213338318265023,0.0,0.0,0.029558098540075656,0.0008736811893048226,0.054585927346410185,0.07491166701774046,0.1306593469294812,0.13979899134894408
1.0,0.35531135734322633,0.6575016908965479,0.06002002069901711,0.003602402884710442,-0.17321852341818958,-0.12902226634313732,0.0,0.0,0.03479115714534865,0.0012104246155123447,0.060340555269510106,0.07179809102232981,0.09919650851918888,0.17348167123342245
0.2069767441860465,0.2173781262461517,0.14639694488302787,0.02181630688392752,0.0004759512460537033,-0.12203565861906528,-0.11731377657698554,-0.1052501829074804,-0.08013022100865912,0.015013433426835724,0.00022540318326202827,0.05553677786061998,0.07760613962196564,0.09779949954629524,0.10318731187252131
0.19441860465116279,0.29799239094175567,0.14370196083020653,0.05700117734649839,0.0032491342188869614,-0.14091009212430558,-0.13168774910808634,0.0,0.0,0.03725250748215937,0.00138774931370834,0.05495782783723249,0.08475748994084153,0.15386711113090956,0.16211781649367318
0.35856022150438394,0.3745804889672253,0.3589034229689387,0.052829934762909356,0.0027910020070532585,-0.1656527327926438,-0.14414591205878977,-0.09213684540475618,0.0,0.04715510308280797,0.002223603746750246,0.06205433215621468,0.08645903701318233,0.17423162954823945,0.2000354502057207
0.3202584217812644,0.2798937058276149,0.19671804909843996,0.05435676808267413,0.0029546582363936215,-0.12768009669891442,-0.11379886113532357,0.0,0.0,0.03279332699545481,0.0010754022954308255,0.05719231672251866,0.058816673754258725,0.11952307820426177,0.1431924337838239
0.1490539916935856,0.27223632049459257,0.11961744705171845,0.04812169207754814,0.0023156972484063595,-0.13965062594676372,-0.13237812297589863,-0.0826373582131032,0.0,0.022960170232112536,0.0005271694170875867,0.05712076938991952,0.07640268566698741,0.11833386642795043,0.12427820631741021
0.14397784956160592,0.16946317999954177,0.05825845752254385,0.03435103634964679,0.001179993698294755,-0.07823806212824055,-0.07459777284904061,0.0,0.0,0.009330186388085844,8.705237803642238e-05,0.05669330299792523,0.0692689394419714,0.08323887256818656,0.08633049578254437
0.19197046608214122,0.2037580966066965,0.10484969627093185,0.03906098813499387,0.0015257607940821318,-0.11259123259148236,-0.09991235187464916,-0.0741779517242785,0.0,0.02471916066910312,0.0006110369041849346,0.0,0.056263535790850694,0.07318818457462045,0.08497868911719275
0.22888786340562992,0.4386797917422395,0.25224535712896845,0.08199243941012735,0.006722760120423404,-0.21993838884819178,-0.201541019070452,-0.07536804271237998,0.0,0.05260289972546923,0.0027670650595277703,0.05619837185534246,0.08659846132908783,0.18939954572954032,0.2050363970621811
0.2778034148592524,0.3706958066393953,0.20301273364120093,0.06608272307375739,0.004366926288842907,-0.1791902055412943,-0.13312013626042768,0.0,0.0,0.040934531760789754,0.001675635890475105,0.05782404087293616,0.06616291543625276,0.13272701844126827,0.17677203620627693
0.14720812182741116,0.15592863191818673,0.05370632254313207,0.033196141446300745,0.001101983806922806,-0.07697461773044242,-0.0738964111598068,0.0,0.0,0.005792646616555255,3.355475482428904e-05,0.055645188094954084,0.0642558645809856,0.07230490364305214,0.07456667149659404
0.41993539455468387,0.4341354740413824,0.37232308658913665,0.07306428345736035,0.005338389517137502,-0.21041310440676703,-0.14974177844693154,0.0,0.0,0.046174702867280225,0.0021321031848816167,0.06034784949625329,0.08430651146361004,0.1547008413725646,0.20556916467874076
0.4051684356252884,0.3336620213011031,0.3998610797354912,0.05222670445324753,0.0027276286580468654,-0.16713750164757896,-0.15319917419172985,-0.09157579237363146,0.0,0.036706462003915794,0.001347364352844914,0.058858516716781786,0.08669727562428164,0.15425861453982298,0.1642820770599828
0.36548223350253806,0.3026267600295394,0.3107839557603442,0.04295123101306171,0.0018448082455373943,-0.15870336548887032,-0.12840784036684627,-0.09560908913624679,0.0,0.02449499412229951,0.0006000047370514876,0.06171178981243,0.07593604852521285,0.1227132194282793,0.13179277693629984
0.7928011075219197,0.35944594644853195,0.6884992774187488,0.040602670826542356,0.0016485768782485536,-0.16919219514416628,-0.11797702213730894,-0.08759081460308449,0.0,0.028853227556606142,0.000832508740433296,0.059847234350857086,0.09012579595541637,0.12424566740193535,0.16566160793974904
0.15182279649284725,0.4448427852948284,0.1792971952912764,0.06087636423458099,0.0037059317224213714,-0.20749964598508144,-0.18705723643363123,-0.08989515981749799,0.0,0.05618993917859013,0.003157309264893658,0.060361621441086366,0.0979395220223574,0.20486443078055613,0.2229030405822036
0.42778034148592525,0.4051316657565027,0.379590983447952,0.05882621915238419,0.003460524059764332,-0.19560748324456556,-0.13820845175575053,-0.07879176386886061,0.0,0.04308979222635895,0.0018567301941107839,0.06292468956399412,0.07731480602330745,0.14796621435720841,0.19259694665005686
0.21504383940932165,0.4379547938939604,0.23527852548831785,0.05007702858045443,0.00250770879144765,-0.22191766521201367,-0.1902932434428099,-0.099876994781803,-0.08097466810466909,0.051463665021010234,0.002648508817394752,0.057365085444516024,0.07761792562923557,0.16953036806882538,0.20055802682216392
0.31056760498384867,0.23751400377947432,0.2344222665181611,0.024626412273395994,0.0006064601814592689,-0.11642811931465517,-0.1102981516991063,-0.08614171488027758,-0.07421677349537485,0.01903822044240139,0.0003624538376134702,0.055921539335059604,0.07292387053930441,0.09875621580861922,0.11048862280846838
0.445777572681126,0.5817229413906914,0.5420684059170042,0.10791375838251228,0.011645379248239239,-0.28677847080865093,-0.22151408253891103,0.0,0.0,0.07637615014040147,0.005833316310269149,0.05574596629076185,0.07677028098836625,0.22212660364165518,0.2697836130328839
0.11767420396862022,0.246163359088399,0.0888592901557389,0.038993440450970515,0.0015204883982033834,-0.11890777605938588,-0.11396851551283331,-0.08162662124011745,0.0,0.02137698006378783,0.0004569752766475824,0.057064988432057914,0.07489339494606737,0.11394016998656221,0.11981196051925871
0.36640516843562526,0.5125199463643345,0.3538447999114437,0.07803757916576176,0.006089863762052533,-0.23915767700946725,-0.1399507971243037,0.0,0.0,0.058750278388235766,0.003451595210695202,0.05602207600516594,0.0798385386422413,0.15407851096815128,0.2476649862789083
0.34702353484079373,0.4857561558192246,0.3705062934356062,0.08364879228382727,0.006997120450542879,-0.23534569537456523,-0.19019017988350906,0.0,0.0,0.06306368887941091,0.003977028855079136,0.059003189139356836,0.06753592509586542,0.19690649225498078,0.23393533235797315
0.5620673742501153,1.0,1.0,0.12794189522021393,0.0163691285525402,-0.4601638043358692,-0.2977050333087431,-0.10056786458436864,0.0,0.12469387862070516,0.015548563365475151,0.07559081400162933,0.10102608556570633,0.3018772011892025,0.4782979629029156
0.13105676049838486,0.17577338118971744,0.07156619218998954,0.03948436237376405,0.0015590148720627142,-0.09069363587841013,-0.08859318495355813,0.0,0.0,0.009119052254797632,8.315711402572977e-05,0.055206788343973384,0.06350784797216019,0.07980613363920976,0.08217072823795307
0.14490078449469312,0.3635321469054674,0.1445699257494063,0.05773022485766335,0.003332778862116371,-0.1837719629696115,-0.16922239628942579,-0.08942640992984899,0.0,0.038177535409115115,0.0014575242099142385,0.05789036216565409,0.08306808741033356,0.15564007194165086,0.16824335855703693
0.24642362713428703,0.24125317497464968,0.15749011138466257,0.04765014086275969,0.0022705359242408407,-0.11732994919965932,-0.1027672984771396,0.0,0.0,0.01645807270196116,0.0002708681570630391,0.05818288315864574,0.07746594666486939,0.10098210132892357,0.11494909558546669
0.8329487771112136,0.4766315311502686,0.9970587807793311,0.06116552944842487,0.0037412219927061303,-0.2207745105746428,-0.18139927495345373,-0.11542292094635542,0.0,0.048186026404668965,0.0023218931406714547,0.06129351563128853,0.10979035263334347,0.17753992554110104,0.2251396545465718
0.1384402399630826,0.2987481110473265,0.10746740956766032,0.059449562682450746,0.0035342505031346404,-0.15326515549762726,-0.13955453913514304,0.0,0.0,0.02775835227640516,0.0007705261211010075,0.0559805186918139,0.07221847981368928,0.12563843235343608,0.1358340417713793
0.4628518689432395,0.5210606054741181,0.4202708297684161,0.07453977849135353,0.005556178577540051,-0.25625798392649746,-0.15551852571681535,-0.0778078390735783,0.0,0.06830839955646942,0.0046660374499662705,0.0,0.06073221905962757,0.15494787264755472,0.23873399568162862
1.0,0.40192869986689467,0.8578903649056989,0.05459466360358175,0.0029805772939882533,-0.16453591761701497,-0.12608820700540962,-0.07741168498221412,0.0,0.04231459005538534,0.0017905245315553162,0.05805684006684995,0.08115514117105976,0.143351491475662,0.19625842636088658
0.3533971728226174,0.4131661539228715,0.17825551662443914,0.06223482205842387,0.0038731730766436824,-0.19265585282438585,-0.14235126971518688,-0.07680126776813032,0.0,0.03314806744561634,0.0010987943753791298,0.05781968342774682,0.07551249341418355,0.13354814582868357,0.16197604815902744
0.49658002735978113,0.30695613088455903,0.23810167636816917,0.03265475752627255,0.001066333189099654,-0.1341865060143159,-0.12071801508235627,-0.08533203224450522,0.0,0.020321509502708494,0.00041296374846867167,0.06416278580484511,0.08201197630617228,0.10596179897497877,0.13008136282953042
0.18057455540355677,0.6537661767482571,0.1623170463003098,0.09093929960618194,0.008269956212862924,-0.2863316696314633,-0.26299530770219615,-0.114667267980477,0.0,0.0770619300889212,0.005938541069029779,0.061811726246545594,0.11056865999341425,0.2583334599751164,0.28302542496476346
0.23392612859097128,0.40133449750722083,0.12999032639678743,0.06586058661697033,0.004337616869531451,-0.17980173921672316,-0.15409671950598797,0.0,0.0,0.03692664595560492,0.0013635771815305934,0.06215090515519433,0.09744607603635239,0.1637344323102487,0.16983670784154536
0.28226174190606473,0.39344740980969345,0.13455703026963017,0.060164800403761945,0.0036198032076245135,-0.19286403136517197,-0.13927600493677106,-0.07816218340149733,0.0,0.02748404875422787,0.0007553729359247747,0.05939815657017396,0.07088830317670702,0.11030599973907831,0.14654126624522218
0.1746466028271774,0.371562341715102,0.10393571235030838,0.04096435627829302,0.001678078485294925,-0.1631794951943089,-0.1514589954750568,-0.11627415908567748,0.0,0.03531722908073466,0.0012473066699410901,0.056549094816560556,0.09391076765086902,0.1388453294981971,0.15964486998397526
0.2079343365253078,0.40796459832633714,0.12852030302620615,0.05616876891527026,0.0031549306014570307,-0.1847386099656837,-0.17296148144741466,-0.10240755270644374,0.0,0.04388786897945531,0.0019261450435578357,0.05667249639994489,0.08062312414179218,0.16321474254088833,0.17214119972507652
0.5189238486092111,0.5668815681451104,0.3141930020685291,0.07699967244335437,0.005928949556383867,-0.2499599113936041,-0.1962311520576554,-0.08787368826057168,0.0,0.05623726901399631,0.0031626304261525894,0.0653225189913646,0.07575603157839873,0.1417915548689939,0.23518134596058737
0.2471500227998176,0.4887669286558498,0.14819236811240727,0.06345565696845985,0.004026620401298847,-0.2098053781679509,-0.17521304769829077,-0.07926186316857119,0.0,0.05609593481147919,0.0031467539023737226,0.059910640218679256,0.07408666897729496,0.18325001429260254,0.21446928849087668
0.5088919288645691,0.3390269530206375,0.23498683442467913,0.04900707124402482,0.0024016930319169243,-0.13506259662795986,-0.10893557610839343,0.0,0.0,0.029821496280224725,0.0008893216403914572,0.06643977634842,0.08380345094050974,0.13880876591150015,0.15611590594574576
0.39990880072959417,0.340053770317611,0.1661694223903453,0.053063365028815146,0.002815720708181282,-0.14721530441860448,-0.111243318425533,0.0,0.0,0.025798134360696626,0.0006655437364925558,0.06194039643946352,0.07220486725442037,0.10960908048726975,0.14458524253870586
0.32193342453260376,0.3037799205759383,0.11727007299015305,0.05685211438111165,0.003232162909603002,-0.14229121037535547,-0.11459938082113971,0.0,0.0,0.019384366115004055,0.00037575364968051744,0.05940693535267552,0.06948939054286174,0.09947744448370177,0.12095903047031578
0.46511627906976744,0.7814525009663814,0.4229234722223325,0.07983321881193335,0.0063733428258740295,-0.30585444102229187,-0.22417040752571016,-0.12232952710956446,0.0,0.0828538786781375,0.006864765212011528,0.07657288789230042,0.13512272587492657,0.2247322840037406,0.3623040760027264
0.3292293661650707,0.3766510086359012,0.15546581303536666,0.056609954506840025,0.0032046869492664974,-0.16306384825011805,-0.11245423519167355,0.0,0.0,0.02830124972909409,0.0008009607362285484,0.06449789812088706,0.0863969036882814,0.12739878964165896,0.16097672986522102
0.3652530779753762,0.4874135838101985,0.27950012303735544,0.06657139929607124,0.004431751204236954,-0.20333801743764357,-0.192763338799474,-0.10953886126833985,0.0,0.054516556671852505,0.002972054951355306,0.0647472699253624,0.12040067597269127,0.21689769768184802,0.2238793288221351
0.2051983584131327,0.28825880081968924,0.08565426687362741,0.04925288800965835,0.002425846977291947,-0.12223705734733735,-0.11245997295268637,0.0,0.0,0.024936402969255058,0.0006218241930450724,0.056573011862173776,0.07542694696789796,0.12168050041481876,0.12970975153178396
0.46694026447788417,0.30809995407043916,0.19821279350180726,0.050989295216598146,0.0025999082266853985,-0.13012909346830084,-0.10635238800008281,0.0,0.0,0.02285554042557682,0.0005223757281451763,0.0630436186273783,0.08407617890227456,0.12169996257851332,0.13685046552019428
0.1409028727770178,0.3955043974608841,0.07878435743649993,0.060416912420382766,0.003650203306412201,-0.1790150460277286,-0.16385906275254533,-0.08424359641061752,0.0,0.03802385203053339,0.0014458133232398984,0.056715178445738444,0.07797029017549512,0.15177680126426032,0.16540756494301972
1.0,0.662358307123487,0.6803684380246621,0.06465428456098682,0.004180176512093059,-0.22125001547653214,-0.16747945534966366,-0.0930695793708002,0.0,0.061171995791897256,0.0037420130691638953,0.07356608557675845,0.10581255938352391,0.18391544759156703,0.2948659988764809
0.19151846785225718,0.3989806161406507,0.10231943235912831,0.053039814096347386,0.002813221879375091,-0.1707437246719908,-0.15149484268842137,-0.08118827015630295,0.0,0.05335909373505085,0.002847192884225943,0.0,0.06840493512612829,0.15976127873215012,0.1762964137232454
0.23119015047879618,0.3734425164258349,0.13061291043383316,0.053354611270338775,0.002846714543808961,-0.14172237294490805,-0.13791833709530577,-0.08020616244701961,0.0,0.041942355097916044,0.0017591611511596841,0.06096295346591148,0.09696966777146832,0.17209688499519585,0.18581701508931342
0.19699042407660738,0.3583429189541422,0.10386414293961378,0.05072165772030134,0.002572686561895405,-0.13391672719065786,-0.12761246600799367,-0.07738653751879404,0.0,0.039922695337201816,0.0015938216029870358,0.060227866980061766,0.09024907414858685,0.1638160565912386,0.17829718497338198
0.38394892840857275,0.45607017148249424,0.2486016545118671,0.06003082007161394,0.0036036993584704874,-0.19741028842895214,-0.17399040352175973,-0.09561224073804776,0.0,0.0399750596899746,0.001598005397217032,0.06739245029478942,0.110670897976908,0.1763314580630478,0.19570624790002755
0.320109439124487,0.5687010334976093,0.20464586245229396,0.06277105937618423,0.003940205895208446,-0.23409822655799883,-0.14941142664843077,-0.08566532286765978,0.0,0.05709198075337355,0.003259494266343576,0.06645346578930207,0.09309396674990346,0.16685520996957565,0.25362479079304373
0.3479252165982672,0.5528944459215162,0.22759394183893802,0.06321239891614949,0.003995807376734417,-0.21326084077244237,-0.16738453070836495,-0.08036892867749229,0.0,0.06761557842549994,0.004571866445814932,0.0665567511114016,0.09061468396992717,0.21357609006268602,0.2661830901495368
0.903328773369813,1.0,1.0,0.1177220928568118,0.01385849114658782,-0.4192368225046821,-0.3009691005724545,-0.12787060853383705,0.0,0.10948199472457773,0.011986307168872464,0.06251120729910858,0.1357766236924448,0.31034713561475036,0.4214021085973968
0.5093479252165982,0.7927773818890405,0.49233387535475825,0.08575723669265142,0.007354303645159438,-0.3241767613944677,-0.24761638911213024,-0.1252471932729264,0.0,0.09184129684713514,0.008434823806563596,0.06746285037000055,0.13087692888812574,0.28341816028969524,0.3599238227338173
0.39854081167350663,0.5315384141313957,0.2786692625942829,0.06198011668188148,0.0038415348638996425,-0.2368450418807355,-0.18705578437983403,-0.10943253371179237,0.0,0.04349271943888188,0.001891616644189294,0.06570085641965394,0.11279928654279625,0.17631439392954845,0.21763568134093705
0.208390332877337,0.4276166307737991,0.12618706813507174,0.06796323308395479,0.004619001051223966,-0.23675024235837183,-0.22002555658016187,-0.10878840230560201,0.0,0.04883783419540107,0.002385134048897486,0.0,0.060374106958149334,0.12959089801509865,0.13747086576414652
0.2722298221614227,0.4944682787118786,0.17884337065318015,0.04639482646598446,0.002152479922808812,-0.2198272879692927,-0.17564844458820666,-0.10954049126006729,-0.07995484954869236,0.04539642214085477,0.0020608351431906894,0.06176577170410325,0.09414199998929162,0.162868767437906,0.20814174770417515
0.22982216142270862,0.439030687258095,0.13042559079798738,0.0720671312892829,0.005193671412266738,-0.19073194624525525,-0.17313709525188092,0.0,0.0,0.047423526638871324,0.002248990878867738,0.056469375127058845,0.0744629534561067,0.16627534212278233,0.19120289077740027
0.2965895249695493,0.4011596294661531,0.20885589204448016,0.01960453108936069,0.0003843376392337098,-0.05006115843635066,-0.04651486606099501,0.0,0.0,0.031424731251610265,0.000987513734235931,0.053352898099681044,0.0832499761712142,0.13896306976060957,0.14571623456348784
0.4945188794153471,0.5855382615748226,0.4625449472043932,0.02356484223556705,0.0005553017895871648,-0.0819584353265396,-0.06623734401643078,-0.03889285437072949,0.0,0.043966135955119036,0.0019330211108240108,0.056448399433987106,0.10342451915927323,0.16818115168781814,0.20137683550816665
0.21680876979293545,0.2878002355879794,0.12353504575679114,0.013852343698524347,0.00019188742594204722,-0.04847807583747174,-0.046398350037633006,-0.033166008919350155,0.0,0.015662693973046687,0.00024531998249331297,0.04976754728965305,0.06462873560998418,0.09043009038859624,0.09333140260313481
0.35931790499390986,0.3268023248319606,0.21929286195951236,0.01267526216137456,0.00016066227085957368,-0.04077184572039741,-0.03709480692767765,-0.031571546439638984,0.0,0.017456104459315187,0.0003047155828945235,0.054984242042630166,0.08574810448544135,0.09878878697069213,0.11818959764065794
0.34287454323995126,0.24464315290218325,0.13105758220387145,0.01776722308432788,0.0003156742161282735,-0.04367797498950961,-0.03200577634497241,0.0,0.0,0.008195885646789757,6.717254153525436e-05,0.05081236632102061,0.0581184426001004,0.07143095509824986,0.07636874276480898
0.5267965895249695,0.4981629603666911,0.42039637855923845,0.014522992417240395,0.00021091730875122202,-0.06456088650146777,-0.05448429338087852,-0.03323025461834802,-0.02909121594287305,0.03917511326542882,0.0015346894993591772,0.06142305402138964,0.08125012374079786,0.1502882649932385,0.1772820927879846
0.6510353227771011,0.6382991426575585,0.5300097808487528,0.0216980102161666,0.00047080364734087014,-0.0901896398656798,-0.059231809655716845,-0.03215609148390304,0.0,0.04460426786389037,0.0019895407116736837,0.06131951277807449,0.08224458557249383,0.14800755683720485,0.2102425344575452
0.23812423873325214,0.40874739572405483,0.16975660668713932,0.018182947044427383,0.00033061956322045057,-0.055249744163016354,-0.052250406020617424,-0.03253148985142287,0.0,0.03167789767557847,0.00100348920114442,0.051450022827682844,0.07483556103481975,0.13382305065140554,0.14409814674766452
0.3270401948842874,0.4452808702863093,0.22106258533549994,0.023714407163889298,0.0005623731071347241,-0.0632259713810865,-0.053100888546622635,0.0,0.0,0.03433459927253133,0.0011788647072053088,0.05109555451968648,0.07213567128906426,0.13513174897377705,0.15321551496141517
0.33556638246041415,0.29578482848524273,0.1997621290128257,0.013611302982637243,0.00018526756888514952,-0.047976503401293794,-0.04237598510896515,-0.03513111716273308,0.0,0.014600607943801271,0.00021317775232859278,0.05259395447322193,0.07475842348214742,0.09470863283977854,0.09762273305196692
0.7259439707673568,0.5374784392459045,0.7446258983150094,0.022048659023946607,0.0004861433647542621,-0.07698086986505094,-0.0725037766648395,-0.04763655499034796,0.0,0.04074734438342075,0.001660346074301091,0.0605873871967988,0.12770691962502898,0.18272287555800895,0.1895626583670463
0.364190012180268,0.5633033275550328,0.3522760195115074,0.02167979259080646,0.0004700134067803866,-0.07230355064067473,-0.06807939536172788,-0.039417977713787855,0.0,0.04905754884380258,0.002406643098562076,0.05580296025679523,0.09996577073929966,0.18658939380962408,0.20272024223946827
1.0,0.6739241636110045,0.7716012806056297,0.027319060083230557,0.0007463310438311612,-0.0899311501083561,-0.059361509700962635,-0.028550675244087616,0.0,0.04661619546411125,0.0021730696795482264,0.061390965060178694,0.07519494413234762,0.14667075590564987,0.21723997254068322
0.8124238733252132,0.9652218697830836,0.8719608471306552,0.046660553048982124,0.002177207210836875,-0.14854395017196237,-0.09479836132049406,-0.03187191848330897,0.0,0.08811973132098506,0.0077650870480825964,0.055639370891556184,0.08438373578276749,0.231779545197309,0.32011358876873663
0.9378806333739342,0.6826970255261602,0.662849767850202,0.02658244906843332,0.0007066265984758515,-0.09283393267307906,-0.04690231284084535,-0.028296189055522364,0.0,0.048794080374337426,0.002380862279577301,0.05244127786628678,0.07404076324080264,0.11425128968370603,0.22591268863846903
0.5328867235079172,0.49298474600029174,0.4178152981228249,0.01843706597453857,0.00033992540174948793,-0.0714331305788315,-0.057772683192487656,-0.0350911289604757,0.0,0.03640492031782772,0.001325318223347386,0.05940876131163597,0.07918877285753806,0.14327791024319805,0.16840679552110405
0.705237515225335,0.5428960873937162,0.5931085795082283,0.01654133746945849,0.00027361584527851136,-0.07549305992562347,-0.06334010125986839,-0.03674565021754957,-0.030204421114262407,0.0423548035802256,0.0017939293863194915,0.057146082683646016,0.07622746157841748,0.15563210753247408,0.1837324988466261
0.21193666260657734,0.444768995049186,0.1577766843621706,0.020391518173360906,0.00041581401341450814,-0.06516221018221087,-0.0596583649066071,-0.03323551988207186,0.0,0.034524876800254296,0.0011919671180727375,0.05135256128375255,0.07349809611274462,0.13889955300119503,0.15185669603106483
0.4610231425091352,0.34749585790780674,0.2273157139844253,0.01785747880732763,0.0003188895493541555,-0.05181600529082623,-0.033826829868988176,0.0,0.0,0.018164163022434416,0.00032993681830557377,0.04978474261629536,0.05948458486415501,0.08049918102880559,0.11374284189079448
0.8654080389768575,0.8865422928929386,1.0,0.03259972659768745,0.0010627421742439706,-0.12311054399453751,-0.08800296108783719,-0.0410005287907992,0.0,0.07172701954801644,0.005144765333241533,0.06501762530180569,0.10072753851826165,0.2261851621556311,0.2912849454609663
0.5207064555420219,0.6286449091368165,0.5099327386147899,0.023713481017654522,0.0005623291819746613,-0.08656838298308643,-0.06988903751980283,-0.03721318110983235,0.0,0.04819274840370683,0.0023225409987029876,0.059704187142966963,0.10676313050739752,0.18032177042610564,0.21783319522754624
0.4987819732034105,0.273353682158024,0.21139548204665762,0.015352415784282057,0.00023569667041347287,-0.03486953354334442,-0.030503349532020115,0.0,0.0,0.016927370546989503,0.0002865358736350877,0.04807910350491271,0.05628529356076539,0.08896180001235277,0.0976871426795245
0.2143727161997564,0.39454903327378865,0.14337335736586426,0.020873603721565086,0.0004357073323249359,-0.05907375838983399,-0.05438633668259912,-0.0296699552559877,0.0,0.02845184910494211,0.0008095077174903951,0.05070927122902206,0.06993120668737376,0.12369329307261322,0.13337875440014293
0.29598051157125455,0.29413995547020355,0.16387960164076792,0.019000546243055052,0.0003610207575344734,-0.05547202217591687,-0.048699775008740245,-0.029953626684145102,0.0,0.01919265358441993,0.0003683579516115472,0.05074049653138382,0.056177631169064345,0.095834741496699,0.10297521788996576
0.40194884287454324,0.38436290229219766,0.2707501694175745,0.016282751701345227,0.0002651280029676609,-0.047353661939473254,-0.040363921729185244,-0.030695352051366344,0.0,0.030020014741746183,0.0009012012850946581,0.05282097211692883,0.08019055150263071,0.12854322986231687,0.14929500450340788
0.6187576126674786,0.4983382334687495,0.4153506838165812,0.024415422415376885,0.0005961128517212881,-0.07025271211465385,-0.05449596097086901,0.0,0.0,0.04024882138816778,0.0016199676231366323,0.05411190866065578,0.0634795853168829,0.13415011390998777,0.17070269763763463
0.4226552984165652,0.3996613982956309,0.274511093748562,0.021241913185551155,0.00045121887578249197,-0.06122791781380639,-0.04735367386177026,0.0,0.0,0.02879907420678025,0.0008293866751676355,0.05162794130985576,0.06859402610964502,0.1241322073266083,0.1334831266192864
0.6717417783191231,1.0,0.6262608325983079,0.03957478098519312,0.0015661632900260025,-0.1360858711017243,-0.06963543528189067,-0.030741741814609397,0.0,0.08677296213582697,0.0075295469578256615,0.0499629825064664,0.06464888556292014,0.15666631097592917,0.33388519643581777
0.4123020706455542,0.3839858112315659,0.26412484086647686,0.015203540464953364,0.00023114764266947432,-0.052345650941670596,-0.046035799093608054,-0.03046409570317222,0.0,0.02579640953943605,0.0006654547451263073,0.05432981354458376,0.07740438602635613,0.11864530907220346,0.1345632907971398
0.34774665042630937,0.37848280041491345,0.24327042147320552,0.01692739288973035,0.0002865366300432937,-0.05099453752238571,-0.04806547046369418,-0.03365149229487628,0.0,0.02643840574714639,0.0006989892984507433,0.05326400184489892,0.08307405068538613,0.1271194632761517,0.1346081661616739
0.30146163215590743,0.4527500905247311,0.2591550955979901,0.02433309662540312,0.0005920995913812048,-0.059946334578432264,-0.0555140782457486,0.0,0.0,0.03363071253719417,0.0011310248257593893,0.05883152315592308,0.1255918707553689,0.15972565952879186,0.1614767114458834
0.27738801942795466,0.3323247758229222,0.19311918663344446,0.05761054777000106,0.0033189752143595744,-0.15398432546624438,-0.13886745746991577,0.0,0.0,0.03963849969532906,0.001571210658096602,0.04711438760811114,0.06723271473465096,0.14378117458387546,0.16124417771319768
0.26821370750134915,0.23826220972148487,0.16146814781744503,0.03381406369949501,0.001143390903873506,-0.11260818644091503,-0.10115818162709986,-0.07435129805376202,0.0,0.020049374275625458,0.00040197740884411186,0.04767600284377538,0.07188072661915246,0.10128495302966076,0.11367965694987926
0.35509983810037776,0.2266550933459074,0.17727054343024262,0.04108651811331769,0.001688101970675983,-0.11802652293046459,-0.10087010064233523,-0.06019070746351428,0.0,0.016630722310548976,0.00027658092457059143,0.04755926162685007,0.055304959057101546,0.08496419144189274,0.09714313766325924
0.2908796546141392,0.2773700358242322,0.1693406266192705,0.05020924096702993,0.002520967878485277,-0.12916636537982523,-0.11756452631173533,0.0,0.0,0.02993671596899672,0.0008962069630083832,0.04680752417972864,0.06356441024007733,0.11927801439732769,0.13384268745719635
0.24177010253642742,0.33774407369232307,0.1781405016421105,0.057918735494974505,0.0033545799213368197,-0.15818286162809217,-0.1439199080201124,-0.06254229631154264,0.0,0.03927870440332778,0.001542816619604001,0.047113975346219694,0.07340549534462334,0.14719622413441485,0.16208770252098637
0.2692930383162439,0.3061166737521763,0.2004467030259931,0.045114833404150526,0.0020353481930842562,-0.1254079794067652,-0.11756201438940159,-0.07031184406612467,0.0,0.042304656606228,0.0017896839705708707,0.048353152882349405,0.07990821414862573,0.1582406835446702,0.1728479179664402
0.33459255261737725,0.16310920964671932,0.10949323624874939,0.03214080549858457,0.001033031378097844,-0.07982811504321403,-0.060605820041031676,0.0,0.0,0.009574365312254578,9.166847113250369e-05,0.048612378309056826,0.06697794457019439,0.07795605051605722,0.08282715783651225
0.328656233135456,0.3245936774023851,0.21365852627630535,0.05682694467906435,0.00322930164155744,-0.14403579616099824,-0.132321024966009,0.0,0.0,0.04355544528490181,0.0018970768139660752,0.046052068042275546,0.0518621677158114,0.1422180527515781,0.1642589957552373
0.3583378305450621,0.2627439040934886,0.24114652514701876,0.03346427471916683,0.0011198576824798683,-0.1305306748263268,-0.1267617662154572,-0.08369577704077,0.0,0.024022000351776384,0.0005770565009007448,0.04743071758310518,0.07013028984173585,0.11299451985782133,0.11921144328788613
0.33135456017269294,0.26634517671310154,0.18848865374118745,0.04910518529402421,0.002411319222760452,-0.12243961450716095,-0.11333820637936759,0.0,0.0,0.030283235655195594,0.0009170743617481097,0.046149890558466855,0.0573872297882032,0.11859736878301583,0.13058978444285946
0.7609282245008095,0.7064483855095216,0.7869719432587224,0.09081839995898285,0.008247981771109776,-0.32171004211726917,-0.17876232248541046,-0.08553315853069372,0.0,0.08655782539107933,0.007492257136432577,0.04737743841507885,0.08234475523290515,0.1781960448372872,0.3333918258756452
0.4349703184025904,0.39686680547132847,0.3807737539037783,0.053520129606775206,0.0028644042731260162,-0.18947556311196237,-0.1643646412102992,-0.09150576669444149,0.0,0.045916677462620806,0.002108341269206349,0.05131402837317685,0.08874950386170047,0.17064365897724296,0.18956775395856762
0.49865083648138153,0.40967675854008806,0.3665693559992597,0.05959521136518937,0.0035515892176615957,-0.19179410134728847,-0.1328692610720813,-0.06572130253105202,0.0,0.04632245154989685,0.0021457695175925414,0.049691152342740845,0.06468741029757592,0.13308114137555105,0.19302198944962629
0.3378305450620615,0.2861144844277404,0.20292418285530267,0.050458187898601105,0.002546028726010535,-0.12820653643023544,-0.10970609417823753,0.0,0.0,0.035816728042551385,0.0012828380076740867,0.044160456639298684,0.06087880879917481,0.13204201420948625,0.14268294508927343
0.4042093901780896,0.7303846368843361,0.5129470445722467,0.10392903824518436,0.010801244990568995,-0.34753834505482883,-0.2695660352347995,-0.09696074721277416,0.0,0.09996440609825882,0.009992882486577606,0.0498264412530915,0.09749082329182625,0.27357591093497785,0.34156171631271637
0.6702644360496492,0.43863978033890355,0.4866515384973653,0.07962906556902474,0.006340788083396043,-0.208896070116524,-0.16055557148186272,0.0,0.0,0.05789636146544515,0.003351988670937482,0.044350851086323,0.05724616210275917,0.1567820510857472,0.21186489500135253
0.26551538046411227,0.35175840655107543,0.23770782795093345,0.04839383566660127,0.002341963330526009,-0.16269149317005985,-0.1620858753943217,-0.09569783590030057,0.0,0.04101652144092065,0.001682355031113503,0.049624797452613785,0.08808317154270023,0.16035352886893292,0.17171844444172252
0.675661090124123,0.38389738711938254,0.45624621809311827,0.049272477482621015,0.002427777037275395,-0.1770901535365337,-0.12838880004927025,-0.06714630356574089,0.0,0.04082731511033752,0.0016668696591187943,0.04889752945454734,0.06124550768105392,0.1303930779642142,0.17424585730295664
0.67835941716136,0.5074083999596595,0.6826910239009831,0.0788259399636067,0.006213528811146128,-0.2382709718286028,-0.17322842530880597,-0.07429680091820995,0.0,0.05904557589265984,0.0034863800324958522,0.04804076832313123,0.09651342828237036,0.18931822355169214,0.23811017510138652
0.20453318942255802,0.3197697976989511,0.1503569583007953,0.05415619384913761,0.0029328933322253707,-0.15652401263426388,-0.14330498838370648,-0.0688820046694018,0.0,0.03410787453470986,0.0011633471052755096,0.04762336519560434,0.07551770228185917,0.1380399639149381,0.14794579264164742
0.7026443604964921,1.0,0.8923012741746289,0.11992183675949344,0.014381246931770593,-0.46174429487924024,-0.16249836222138986,-0.10579143502206328,-0.0645843573705054,0.11365459405514629,0.012917366749840094,0.07285909173191855,0.10664668086022541,0.1612812959961852,0.45271191978089476
0.6929303831624393,0.5692961436273001,0.831481361234058,0.07406069354330473,0.005484986328115299,-0.26121830063806256,-0.22054303498918598,-0.10356070472299454,0.0,0.07462705557740894,0.0055691974241536815,0.04864639607946434,0.10494926355506565,0.24095185985431902,0.27158142260978174
0.6681057744198596,0.5935035027900061,0.7667186094263474,0.09225278004216514,0.008510575425508102,-0.27480919708157137,-0.23398705144232332,-0.0780382844283945,0.0,0.0828070668347809,0.0068570103177798694,0.04701637820355985,0.08782009889124859,0.24803290635178787,0.2851628687866361
1.0,0.5663233764112329,1.0,0.06322717034053744,0.003997675069271339,-0.24808229305018661,-0.19868303769550447,-0.08798136033410288,-0.06041800189432551,0.06762005122386755,0.004572471327518472,0.058767634398919834,0.08085948730672984,0.20001745668420917,0.2713161567501647
0.3389098758769563,0.46960949171728783,0.2876494853162674,0.0743280762581896,0.005524662920243249,-0.23534505517744658,-0.18767522183148722,-0.06825026286757474,0.0,0.05507172993755382,0.0030328954383148613,0.04871368507868097,0.07049455236516246,0.17012417849535105,0.20817064564232823
0.7031840259039396,0.22408280207002904,0.3763290589930269,0.037082666302561955,0.001375124140107164,-0.10691868735397468,-0.095235802109353,-0.061822843964320376,0.0,0.020740860026203598,0.0004301832746265703,0.04817249119093978,0.06931041691226994,0.10417363544752335,0.11149584064457826
0.42201834862385323,0.28549735616959176,0.20921863617835226,0.05311853828110043,0.002821579109120732,-0.13222295699847236,-0.10881954657665828,0.0,0.0,0.03431663977752052,0.0011776317656201037,0.044002917047883346,0.048110244602798155,0.11107328436042978,0.1376509602471821
0.8963842417701026,0.47554029082634186,0.757962576847798,0.06529575138420574,0.004263535148828005,-0.2198409342776239,-0.15599777256658967,-0.07013311884612927,0.0,0.050230458096925924,0.0025230989206270313,0.05720200447836595,0.08030305596198514,0.1618325704083855,0.2164461281617959
0.266594711279007,0.30755729302924356,0.21366693455224267,0.02751602794970229,0.0007571317941287976,-0.14939639425863047,-0.14659599305104343,-0.10100230949130874,-0.06836000186005949,0.04604851503009194,0.0021204657364766034,0.0,0.07440801430543997,0.13460492811622274,0.14293505217766614
0.8873456790123457,1.0,1.0,0.06083452700240268,0.003700839675606061,-0.22735751181732006,-0.12369152994843116,-0.05168384451459666,0.0,0.07056727163565776,0.004979739826100708,0.050634187805856136,0.07072200603853104,0.17030358529448925,0.2852439731483128
1.0,0.6295808947091341,0.7662087879282086,0.03994021807957871,0.0015952210202443062,-0.15440207510437784,-0.08089328531451213,-0.0470006178541023,0.0,0.03438148550810796,0.001182086545744238,0.047431449231605936,0.06001658462880251,0.09990856019901559,0.16833253852650149
0.5131172839506173,0.3870684358530892,0.264274371040528,0.03409798268615607,0.001162672423265399,-0.08949570906943333,-0.06212238811469792,0.0,0.0,0.02526474956481983,0.0006383075705730637,0.04394931587302842,0.04852035761297642,0.08161158980185558,0.12021084990538095
0.2337962962962963,0.22896729492263804,0.11844665778882336,0.018511698129953107,0.0003426829676545094,-0.05897007874686709,-0.055836378103539974,-0.045531810784905646,0.0,0.007452028455855479,5.553272810687979e-05,0.04399841747789553,0.04937120767736622,0.062178110250930396,0.06678862528759327
0.2569444444444444,0.4088628300143455,0.19893241932655778,0.024597570469232614,0.0006050404729888643,-0.09868655141427403,-0.08843092511741198,-0.05316899534398426,0.0,0.026797633305848337,0.000718113150794712,0.04614358419791486,0.06102815276170492,0.11050517214624875,0.12530147566310418
0.3472222222222222,0.3969001771871044,0.25818956707863555,0.022553551652367703,0.000508662692136018,-0.09811622837914566,-0.07755200188522124,-0.05702585882361279,0.0,0.020460812087020976,0.0004186448312603837,0.04671643266354381,0.0697968181208685,0.0928789071841611,0.11785063070659497
0.22685185185185186,0.29118433515406705,0.11758939162878214,0.03162472565928361,0.0010001232730249515,-0.0779765366959445,-0.06959202710970208,0.0,0.0,0.01286686237980871,0.00016555614750093667,0.044497257856705635,0.04971121065614688,0.07396032475543986,0.08152843404334927
0.5385802469135802,0.5045196094645502,0.46611385038753733,0.04151191400817624,0.0017232390046222187,-0.13523114059325356,-0.10082330022209955,-0.056195007252200696,0.0,0.03230189315368155,0.001043412301311859,0.05388907299648224,0.07028899421015342,0.12835171422422734,0.14599814028040117
